"Date","Symbol","Marketcapname","Sector"
"28-01-2026","BEL","Largecap","Aerospace & Defence"
"28-01-2026","HINDALCO","Largecap","Metals & Mining"
"28-01-2026","HINDCOPPER","Largecap","Metals & Mining"
"28-01-2026","NATIONALUM","Largecap","Metals & Mining"
"28-01-2026","HCLTECH","Largecap","I.T"
"28-01-2026","JINDALSTEL","Largecap","Metals & Mining"
"28-01-2026","OIL","Largecap","Energy"
"28-01-2026","COALINDIA","Largecap","Metals & Mining"
"28-01-2026","ZENTEC","Midcap","Aerospace & Defence"
"28-01-2026","SCHNEIDER","Largecap","Industrials"
"28-01-2026","TMCV","Largecap","Auto"
"28-01-2026","ICICIAMC","Largecap","Financials"
"29-01-2026","HINDCOPPER","Largecap","Metals & Mining"
"29-01-2026","AXISBANK","Largecap","Bank"
"29-01-2026","NATIONALUM","Largecap","Metals & Mining"
"29-01-2026","JINDALSTEL","Largecap","Metals & Mining"
"29-01-2026","ECLERX","Midcap","I.T"
"29-01-2026","OIL","Largecap","Energy"
"29-01-2026","INDUSTOWER","Largecap","Telecom"
"29-01-2026","ICICIAMC","Largecap","Financials"
"30-01-2026","RAMCOCEM","Largecap","Building Materials"
"30-01-2026","NESTLEIND","Largecap","FMCG"
"30-01-2026","DEEPAKNTR","Largecap","Chemicals"
"30-01-2026","CANFINHOME","Midcap","Financials"
"30-01-2026","CCL","Midcap","FMCG"
"30-01-2026","AUROPHARMA","Largecap","Healthcare"
"30-01-2026","TORNTPOWER","Largecap","Power & Utilities"
"30-01-2026","ZENTEC","Midcap","Aerospace & Defence"
"30-01-2026","RHIM","Midcap","Building Materials"
"30-01-2026","COCHINSHIP","Largecap","Aerospace & Defence"
"30-01-2026","GICRE","Largecap","Financials"
"30-01-2026","CREDITACC","Largecap","Financials"
"30-01-2026","GRSE","Largecap","Aerospace & Defence"
"30-01-2026","GLAND","Largecap","Healthcare"
"30-01-2026","STARHEALTH","Largecap","Financials"
"30-01-2026","DATAPATTNS","Largecap","Aerospace & Defence"
"30-01-2026","DELHIVERY","Largecap","Transportation"
"30-01-2026","THELEELA","Midcap","Services"
"30-01-2026","LENSKART","Largecap","FMCG"
"30-01-2026","ICICIAMC","Largecap","Financials"
"01-02-2026","VTL","Midcap","Textiles"
"01-02-2026","LALPATHLAB","Largecap","Healthcare"
"02-02-2026","SBIN","Largecap","Bank"
"02-02-2026","NESTLEIND","Largecap","FMCG"
"02-02-2026","SARDAEN","Midcap","Metals & Mining"
"02-02-2026","DEEPAKNTR","Largecap","Chemicals"
"02-02-2026","NATIONALUM","Largecap","Metals & Mining"
"02-02-2026","JINDALSTEL","Largecap","Metals & Mining"
"02-02-2026","NTPC","Largecap","Power & Utilities"
"02-02-2026","CIEINDIA","Midcap","Industrials"
"02-02-2026","ECLERX","Midcap","I.T"
"02-02-2026","DALBHARAT","Largecap","Building Materials"
"02-02-2026","HDFCAMC","Largecap","Financials"
"02-02-2026","GLAND","Largecap","Healthcare"
"02-02-2026","SONACOMS","Largecap","Auto"
"02-02-2026","ACUTAAS","Largecap","Healthcare"
"02-02-2026","LATENTVIEW","Midcap","I.T"
"02-02-2026","PREMIERENE","Largecap","Services"
"02-02-2026","WAAREEENER","Largecap","Industrials"
"03-02-2026","SARDAEN","Midcap","Metals & Mining"
"03-02-2026","ADANIENT","Largecap","Services"
"03-02-2026","ADANIPORTS","Largecap","Transportation"
"03-02-2026","CHALET","Midcap","Services"
"03-02-2026","THELEELA","Midcap","Services"
"04-02-2026","BLUESTARCO","Largecap","Consumer Discretionary"
"04-02-2026","CHENNPETRO","Largecap","Energy"
"04-02-2026","RAMCOCEM","Largecap","Building Materials"
"04-02-2026","BPCL","Largecap","Energy"
"04-02-2026","BALKRISIND","Largecap","Auto"
"04-02-2026","SARDAEN","Midcap","Metals & Mining"
"04-02-2026","GABRIEL","Largecap","Auto"
"04-02-2026","AARTIIND","Midcap","Chemicals"
"04-02-2026","PFC","Largecap","Financials"
"04-02-2026","PGEL","Midcap","Consumer Discretionary"
"04-02-2026","APLAPOLLO","Largecap","Industrials"
"04-02-2026","TIINDIA","Largecap","Industrials"
"04-02-2026","CPPLUS","Largecap","Consumer Discretionary"
"05-02-2026","BALKRISIND","Largecap","Auto"
"05-02-2026","WELCORP","Largecap","Industrials"
"05-02-2026","GALLANTT","Midcap","Metals & Mining"
"05-02-2026","ANURAS","Midcap","Chemicals"
"06-02-2026","GODFRYPHLP","Largecap","FMCG"
"06-02-2026","BALKRISIND","Largecap","Auto"
"06-02-2026","ASAHIINDIA","Largecap","Building Materials"
"06-02-2026","ACE","Midcap","Industrials"
"06-02-2026","SCHNEIDER","Largecap","Industrials"
"06-02-2026","LALPATHLAB","Largecap","Healthcare"
"06-02-2026","MGL","Midcap","Energy"
"06-02-2026","DATAPATTNS","Largecap","Aerospace & Defence"
"06-02-2026","LICI","Largecap","Financials"
"06-02-2026","CONCORDBIO","Midcap","Healthcare"
"06-02-2026","ENRIN","Largecap","Power & Utilities"
"09-02-2026","AEGISLOG","Largecap","Services"
"09-02-2026","CHAMBLFERT","Midcap","Chemicals"
"09-02-2026","SBIN","Largecap","Bank"
"09-02-2026","DRREDDY","Largecap","Healthcare"
"09-02-2026","RAMCOCEM","Largecap","Building Materials"
"09-02-2026","VTL","Midcap","Textiles"
"09-02-2026","SARDAEN","Midcap","Metals & Mining"
"09-02-2026","ELECON","Midcap","Industrials"
"09-02-2026","DEEPAKNTR","Largecap","Chemicals"
"09-02-2026","CARBORUNIV","Largecap","Industrials"
"09-02-2026","AARTIIND","Midcap","Chemicals"
"09-02-2026","ZYDUSLIFE","Largecap","Healthcare"
"09-02-2026","UNITDSPR","Largecap","FMCG"
"09-02-2026","RHIM","Midcap","Building Materials"
"09-02-2026","MGL","Midcap","Energy"
"09-02-2026","GRSE","Largecap","Aerospace & Defence"
"09-02-2026","TECHNOE","Midcap","Realty"
"09-02-2026","BIKAJI","Midcap","FMCG"
"09-02-2026","SAILIFE","Largecap","Healthcare"
"09-02-2026","ANTHEM","Largecap","Healthcare"
"09-02-2026","TENNIND","Largecap","Auto"
"10-02-2026","BALRAMCHIN","Midcap","FMCG"
"10-02-2026","CHAMBLFERT","Midcap","Chemicals"
"10-02-2026","FINCABLES","Largecap","Industrials"
"10-02-2026","GRAPHITE","Midcap","Industrials"
"10-02-2026","POONAWALLA","Largecap","Financials"
"10-02-2026","BSOFT","Midcap","I.T"
"10-02-2026","SUNTV","Midcap","Media"
"10-02-2026","CIEINDIA","Midcap","Industrials"
"10-02-2026","TORNTPOWER","Largecap","Power & Utilities"
"10-02-2026","ASTRAL","Largecap","Plastic products"
"10-02-2026","KIRLOSENG","Largecap","Industrials"
"10-02-2026","RHIM","Midcap","Building Materials"
"10-02-2026","GICRE","Largecap","Financials"
"10-02-2026","HDFCAMC","Largecap","Financials"
"10-02-2026","360ONE","Largecap","Financials"
"10-02-2026","ABSLAMC","Largecap","Financials"
"10-02-2026","CPPLUS","Largecap","Consumer Discretionary"
"10-02-2026","TENNIND","Largecap","Auto"
"11-02-2026","CHAMBLFERT","Midcap","Chemicals"
"11-02-2026","SBIN","Largecap","Bank"
"11-02-2026","WHIRLPOOL","Midcap","Consumer Discretionary"
"11-02-2026","TATAPOWER","Largecap","Power & Utilities"
"11-02-2026","BHARATFORG","Largecap","Industrials"
"11-02-2026","GLAXO","Largecap","Healthcare"
"11-02-2026","JKTYRE","Midcap","Auto"
"11-02-2026","SAREGAMA","Midcap","Media"
"11-02-2026","ASTRAL","Largecap","Plastic products"
"11-02-2026","FORTIS","Largecap","Healthcare"
"11-02-2026","KIRLOSENG","Largecap","Industrials"
"11-02-2026","ENDURANCE","Largecap","Auto"
"11-02-2026","NAM-INDIA","Largecap","Financials"
"11-02-2026","ASTERDM","Largecap","Healthcare"
"11-02-2026","ANURAS","Midcap","Chemicals"
"11-02-2026","KIMS","Largecap","Healthcare"
"11-02-2026","SAILIFE","Largecap","Healthcare"
"11-02-2026","TRAVELFOOD","Midcap","Consumer Discretionary"
"12-02-2026","BAJFINANCE","Largecap","Financials"
"12-02-2026","MFSL","Largecap","Financials"
"12-02-2026","BHARATFORG","Largecap","Industrials"
"12-02-2026","VOLTAS","Largecap","Consumer Discretionary"
"12-02-2026","SHRIRAMFIN","Largecap","Financials"
"12-02-2026","ABDL","Midcap","FMCG"
"13-02-2026","BAJFINANCE","Largecap","Financials"
"13-02-2026","WHIRLPOOL","Midcap","Consumer Discretionary"
"13-02-2026","VTL","Midcap","Textiles"
"13-02-2026","IPCALAB","Largecap","Healthcare"
"13-02-2026","UBL","Largecap","FMCG"
"13-02-2026","GODREJPROP","Largecap","Realty"
"13-02-2026","SIGNATURE","Midcap","Realty"
"16-02-2026","HSCL","Largecap","Chemicals"
"16-02-2026","TATAPOWER","Largecap","Power & Utilities"
"16-02-2026","GRAPHITE","Midcap","Industrials"
"16-02-2026","SHRIRAMFIN","Largecap","Financials"
"16-02-2026","ADANIENT","Largecap","Services"
"16-02-2026","CCL","Midcap","FMCG"
"16-02-2026","MARICO","Largecap","FMCG"
"16-02-2026","WELCORP","Largecap","Industrials"
"16-02-2026","AXISBANK","Largecap","Bank"
"16-02-2026","JINDALSTEL","Largecap","Metals & Mining"
"16-02-2026","ACE","Midcap","Industrials"
"16-02-2026","PFC","Largecap","Financials"
"16-02-2026","ASTRAL","Largecap","Plastic products"
"16-02-2026","ADANIPORTS","Largecap","Transportation"
"16-02-2026","JSWENERGY","Largecap","Power & Utilities"
"16-02-2026","RHIM","Midcap","Building Materials"
"16-02-2026","SCHNEIDER","Largecap","Industrials"
"16-02-2026","ASTERDM","Largecap","Healthcare"
"16-02-2026","ADANIGREEN","Largecap","Power & Utilities"
"16-02-2026","GLAND","Largecap","Healthcare"
"16-02-2026","LODHA","Largecap","Realty"
"16-02-2026","DATAPATTNS","Largecap","Aerospace & Defence"
"16-02-2026","TRAVELFOOD","Midcap","Consumer Discretionary"
"16-02-2026","TATACAP","Largecap","Financials"
"17-02-2026","KAJARIACER","Midcap","Building Materials"
"17-02-2026","WHIRLPOOL","Midcap","Consumer Discretionary"
"17-02-2026","COROMANDEL","Largecap","Chemicals"
"17-02-2026","ADANIENT","Largecap","Services"
"17-02-2026","ASAHIINDIA","Largecap","Building Materials"
"17-02-2026","M&MFIN","Largecap","Financials"
"17-02-2026","ADANIENSOL","Largecap","Power & Utilities"
"17-02-2026","LALPATHLAB","Largecap","Healthcare"
"17-02-2026","NEWGEN","Midcap","I.T"
"17-02-2026","KIMS","Largecap","Healthcare"
"17-02-2026","DELHIVERY","Largecap","Transportation"
"17-02-2026","INDGN","Midcap","Healthcare"
"18-02-2026","CGPOWER","Largecap","Industrials"
"18-02-2026","GODFRYPHLP","Largecap","FMCG"
"18-02-2026","KAJARIACER","Midcap","Building Materials"
"18-02-2026","COLPAL","Largecap","FMCG"
"18-02-2026","LLOYDSME","Largecap","Metals & Mining"
"18-02-2026","ELGIEQUIP","Midcap","Industrials"
"18-02-2026","CHOICEIN","Midcap","Financials"
"18-02-2026","MARICO","Largecap","FMCG"
"18-02-2026","GRANULES","Largecap","Healthcare"
"18-02-2026","GALLANTT","Midcap","Metals & Mining"
"18-02-2026","TORNTPOWER","Largecap","Power & Utilities"
"18-02-2026","SCHNEIDER","Largecap","Industrials"
"18-02-2026","AUBANK","Largecap","Bank"
"18-02-2026","NEWGEN","Midcap","I.T"
"18-02-2026","TECHNOE","Midcap","Realty"
"18-02-2026","ACUTAAS","Largecap","Healthcare"
"18-02-2026","ABSLAMC","Largecap","Financials"
"19-02-2026","TATAINVEST","Largecap","Financials"
"19-02-2026","VTL","Midcap","Textiles"
"19-02-2026","NEWGEN","Midcap","I.T"
"19-02-2026","SBICARD","Largecap","Financials"
"19-02-2026","ANURAS","Midcap","Chemicals"
"20-02-2026","CGPOWER","Largecap","Industrials"
"20-02-2026","HSCL","Largecap","Chemicals"
"20-02-2026","MFSL","Largecap","Financials"
"20-02-2026","TATAPOWER","Largecap","Power & Utilities"
"20-02-2026","VOLTAS","Largecap","Consumer Discretionary"
"20-02-2026","VTL","Midcap","Textiles"
"20-02-2026","GRANULES","Largecap","Healthcare"
"20-02-2026","NTPC","Largecap","Power & Utilities"
"20-02-2026","TORNTPOWER","Largecap","Power & Utilities"
"20-02-2026","KPRMILL","Largecap","Consumer Discretionary"
"20-02-2026","JSWENERGY","Largecap","Power & Utilities"
"20-02-2026","MINDACORP","Midcap","Auto"
"20-02-2026","SBILIFE","Largecap","Financials"
"20-02-2026","IRCTC","Largecap","Transportation"
"20-02-2026","UTIAMC","Midcap","Financials"
"20-02-2026","ABSLAMC","Largecap","Financials"
"20-02-2026","HYUNDAI","Largecap","Auto"
"23-02-2026","FINCABLES","Largecap","Industrials"
"23-02-2026","BHARATFORG","Largecap","Industrials"
"23-02-2026","KPIL","Largecap","Realty"
"23-02-2026","UNITDSPR","Largecap","FMCG"
"23-02-2026","JSL","Largecap","Metals & Mining"
"23-02-2026","INDIANB","Largecap","Bank"
"23-02-2026","ADANIPORTS","Largecap","Transportation"
"23-02-2026","MGL","Midcap","Energy"
"23-02-2026","KIMS","Largecap","Healthcare"
"23-02-2026","TEGA","Midcap","Industrials"
"24-02-2026","CHENNPETRO","Largecap","Energy"
"24-02-2026","COLPAL","Largecap","FMCG"
"24-02-2026","VTL","Midcap","Textiles"
"24-02-2026","CCL","Midcap","FMCG"
"24-02-2026","NATCOPHARM","Midcap","Healthcare"
"24-02-2026","NTPC","Largecap","Power & Utilities"
"24-02-2026","PFC","Largecap","Financials"
"24-02-2026","ASTRAL","Largecap","Plastic products"
"24-02-2026","LALPATHLAB","Largecap","Healthcare"
"24-02-2026","MGL","Midcap","Energy"
"24-02-2026","ENDURANCE","Largecap","Auto"
"24-02-2026","LAURUSLABS","Largecap","Healthcare"
"24-02-2026","HOMEFIRST","Midcap","Financials"
"24-02-2026","KIMS","Largecap","Healthcare"
"24-02-2026","TEGA","Midcap","Industrials"
"24-02-2026","RRKABEL","Largecap","Industrials"
"24-02-2026","BLUEJET","Midcap","Healthcare"
"24-02-2026","ENRIN","Largecap","Power & Utilities"
"25-02-2026","AEGISLOG","Largecap","Services"
"25-02-2026","LICHSGFIN","Largecap","Financials"
"25-02-2026","BHARATFORG","Largecap","Industrials"
"25-02-2026","GABRIEL","Largecap","Auto"
"25-02-2026","GRAPHITE","Midcap","Industrials"
"25-02-2026","SHRIRAMFIN","Largecap","Financials"
"25-02-2026","NATCOPHARM","Midcap","Healthcare"
"25-02-2026","NATIONALUM","Largecap","Metals & Mining"
"25-02-2026","JINDALSTEL","Largecap","Metals & Mining"
"25-02-2026","M&MFIN","Largecap","Financials"
"25-02-2026","COALINDIA","Largecap","Metals & Mining"
"25-02-2026","NH","Largecap","Healthcare"
"25-02-2026","LAURUSLABS","Largecap","Healthcare"
"25-02-2026","ICICIGI","Largecap","Financials"
"25-02-2026","GLAND","Largecap","Healthcare"
"25-02-2026","HOMEFIRST","Midcap","Financials"
"25-02-2026","SONACOMS","Largecap","Auto"
"25-02-2026","SHYAMMETL","Largecap","Metals & Mining"
"25-02-2026","CONCORDBIO","Midcap","Healthcare"
"25-02-2026","ENRIN","Largecap","Power & Utilities"
"25-02-2026","CPPLUS","Largecap","Consumer Discretionary"
"25-02-2026","JAINREC","Midcap","Metals & Mining"
"25-02-2026","LENSKART","Largecap","FMCG"
"26-02-2026","FINCABLES","Largecap","Industrials"
"26-02-2026","TMPV","Largecap","Auto"
"26-02-2026","NAVA","Midcap","Miscellaneous"
"26-02-2026","INDUSINDBK","Largecap","Bank"
"26-02-2026","UNOMINDA","Largecap","Auto"
"26-02-2026","FORTIS","Largecap","Healthcare"
"26-02-2026","SCHNEIDER","Largecap","Industrials"
"26-02-2026","TEJASNET","Midcap","Telecom"
"26-02-2026","TIINDIA","Largecap","Industrials"
"26-02-2026","MANKIND","Largecap","Healthcare"
"26-02-2026","CONCORDBIO","Midcap","Healthcare"
"26-02-2026","SAILIFE","Largecap","Healthcare"
"27-02-2026","CHENNPETRO","Largecap","Energy"
"27-02-2026","FINCABLES","Largecap","Industrials"
"27-02-2026","SPLPETRO","Midcap","Energy"
"27-02-2026","SARDAEN","Midcap","Metals & Mining"
"27-02-2026","KPIL","Largecap","Realty"
"27-02-2026","NATCOPHARM","Midcap","Healthcare"
"27-02-2026","SUNTV","Midcap","Media"
"27-02-2026","TEJASNET","Midcap","Telecom"
"27-02-2026","CLEAN","Midcap","Chemicals"
"27-02-2026","SIGNATURE","Midcap","Realty"
"27-02-2026","SAILIFE","Largecap","Healthcare"
"27-02-2026","CPPLUS","Largecap","Consumer Discretionary"
"27-02-2026","LENSKART","Largecap","FMCG"
"27-02-2026","TMCV","Largecap","Auto"
"02-03-2026","BEL","Largecap","Aerospace & Defence"
"02-03-2026","CGPOWER","Largecap","Industrials"
"02-03-2026","FINCABLES","Largecap","Industrials"
"02-03-2026","KAJARIACER","Midcap","Building Materials"
"02-03-2026","TATAPOWER","Largecap","Power & Utilities"
"02-03-2026","TATAINVEST","Largecap","Financials"
"02-03-2026","VTL","Midcap","Textiles"
"02-03-2026","CARBORUNIV","Largecap","Industrials"
"02-03-2026","USHAMART","Midcap","Metals & Mining"
"02-03-2026","CCL","Midcap","FMCG"
"02-03-2026","IPCALAB","Largecap","Healthcare"
"02-03-2026","NATCOPHARM","Midcap","Healthcare"
"02-03-2026","AJANTPHARM","Largecap","Healthcare"
"02-03-2026","NTPC","Largecap","Power & Utilities"
"02-03-2026","TORNTPOWER","Largecap","Power & Utilities"
"02-03-2026","ASTRAL","Largecap","Plastic products"
"02-03-2026","FORTIS","Largecap","Healthcare"
"02-03-2026","KIRLOSENG","Largecap","Industrials"
"02-03-2026","PGEL","Midcap","Consumer Discretionary"
"02-03-2026","ENDURANCE","Largecap","Auto"
"02-03-2026","LAURUSLABS","Largecap","Healthcare"
"02-03-2026","TEJASNET","Midcap","Telecom"
"02-03-2026","ICICIGI","Largecap","Financials"
"02-03-2026","TIINDIA","Largecap","Industrials"
"02-03-2026","ASTERDM","Largecap","Healthcare"
"02-03-2026","TECHNOE","Midcap","Realty"
"02-03-2026","ANANDRATHI","Largecap","Financials"
"02-03-2026","MANKIND","Largecap","Healthcare"
"02-03-2026","EMCURE","Largecap","Healthcare"
"02-03-2026","ENRIN","Largecap","Power & Utilities"
"02-03-2026","ANTHEM","Largecap","Healthcare"
"02-03-2026","CPPLUS","Largecap","Consumer Discretionary"
"02-03-2026","PIRAMALFIN","Smallcap",""
"02-03-2026","LENSKART","Largecap","FMCG"
"04-03-2026","BALRAMCHIN","Midcap","FMCG"
"04-03-2026","CHENNPETRO","Largecap","Energy"
"04-03-2026","GESHIP","Largecap","Transportation"
"04-03-2026","POLYMED","Midcap","Healthcare"
"04-03-2026","NATIONALUM","Largecap","Metals & Mining"
"04-03-2026","KIRLOSENG","Largecap","Industrials"
"04-03-2026","ZENTEC","Midcap","Aerospace & Defence"
"04-03-2026","ASTERDM","Largecap","Healthcare"
"04-03-2026","STARHEALTH","Largecap","Financials"
"04-03-2026","SAILIFE","Largecap","Healthcare"
"04-03-2026","ONESOURCE","Midcap","Healthcare"
"04-03-2026","JAINREC","Midcap","Metals & Mining"
"04-03-2026","PIRAMALFIN","Smallcap",""
"05-03-2026","TATAINVEST","Largecap","Financials"
"05-03-2026","SARDAEN","Midcap","Metals & Mining"
"05-03-2026","NATCOPHARM","Midcap","Healthcare"
"05-03-2026","NATIONALUM","Largecap","Metals & Mining"
"05-03-2026","GLENMARK","Largecap","Healthcare"
"05-03-2026","AJANTPHARM","Largecap","Healthcare"
"05-03-2026","GRANULES","Largecap","Healthcare"
"05-03-2026","NTPC","Largecap","Power & Utilities"
"05-03-2026","CIEINDIA","Midcap","Industrials"
"05-03-2026","LTFOODS","Midcap","FMCG"
"05-03-2026","ASTRAL","Largecap","Plastic products"
"05-03-2026","MAZDOCK","Largecap","Aerospace & Defence"
"05-03-2026","CLEAN","Midcap","Chemicals"
"05-03-2026","ABSLAMC","Largecap","Financials"
"05-03-2026","DELHIVERY","Largecap","Transportation"
"05-03-2026","SAILIFE","Largecap","Healthcare"
"05-03-2026","ONESOURCE","Midcap","Healthcare"
"05-03-2026","JAINREC","Midcap","Metals & Mining"
"06-03-2026","FINCABLES","Largecap","Industrials"
"06-03-2026","UBL","Largecap","FMCG"
"06-03-2026","RADICO","Largecap","FMCG"
"06-03-2026","BDL","Largecap","Aerospace & Defence"
"06-03-2026","KIMS","Largecap","Healthcare"
"06-03-2026","ABSLAMC","Largecap","Financials"
"06-03-2026","ONESOURCE","Midcap","Healthcare"
"09-03-2026","BALRAMCHIN","Midcap","FMCG"
"09-03-2026","VTL","Midcap","Textiles"
"09-03-2026","CCL","Midcap","FMCG"
"09-03-2026","GLENMARK","Largecap","Healthcare"
"09-03-2026","RADICO","Largecap","FMCG"
"09-03-2026","ZENTEC","Midcap","Aerospace & Defence"
"09-03-2026","MCX","Largecap","Financials"
"09-03-2026","SCHNEIDER","Largecap","Industrials"
"09-03-2026","BLUEJET","Midcap","Healthcare"
"09-03-2026","EMCURE","Largecap","Healthcare"
"09-03-2026","ONESOURCE","Midcap","Healthcare"
"09-03-2026","JAINREC","Midcap","Metals & Mining"
"09-03-2026","PIRAMALFIN","Smallcap",""
"10-03-2026","BALRAMCHIN","Midcap","FMCG"
"10-03-2026","CGPOWER","Largecap","Industrials"
"10-03-2026","KAJARIACER","Midcap","Building Materials"
"10-03-2026","GESHIP","Largecap","Transportation"
"10-03-2026","USHAMART","Midcap","Metals & Mining"
"10-03-2026","GLENMARK","Largecap","Healthcare"
"10-03-2026","BSOFT","Midcap","I.T"
"10-03-2026","GRANULES","Largecap","Healthcare"
"10-03-2026","INDIANB","Largecap","Bank"
"10-03-2026","AIIL","Largecap","Financials"
"10-03-2026","FACT","Largecap","Chemicals"
"10-03-2026","TEJASNET","Midcap","Telecom"
"10-03-2026","BDL","Largecap","Aerospace & Defence"
"10-03-2026","MAZDOCK","Largecap","Aerospace & Defence"
"10-03-2026","ABSLAMC","Largecap","Financials"
"10-03-2026","MANKIND","Largecap","Healthcare"
"10-03-2026","EMCURE","Largecap","Healthcare"
"11-03-2026","IPCALAB","Largecap","Healthcare"
"11-03-2026","RADICO","Largecap","FMCG"
"11-03-2026","ASTRAL","Largecap","Plastic products"
"11-03-2026","FACT","Largecap","Chemicals"
"11-03-2026","ATGL","Largecap","Energy"
"12-03-2026","AEGISLOG","Largecap","Services"
"12-03-2026","CGPOWER","Largecap","Industrials"
"12-03-2026","CHENNPETRO","Largecap","Energy"
"12-03-2026","LUPIN","Largecap","Healthcare"
"12-03-2026","TATAPOWER","Largecap","Power & Utilities"
"12-03-2026","GESHIP","Largecap","Transportation"
"12-03-2026","SARDAEN","Midcap","Metals & Mining"
"12-03-2026","LLOYDSME","Largecap","Metals & Mining"
"12-03-2026","NAVA","Midcap","Miscellaneous"
"12-03-2026","CCL","Midcap","FMCG"
"12-03-2026","KPIL","Largecap","Realty"
"12-03-2026","NATIONALUM","Largecap","Metals & Mining"
"12-03-2026","JSL","Largecap","Metals & Mining"
"12-03-2026","NTPC","Largecap","Power & Utilities"
"12-03-2026","SUNTV","Midcap","Media"
"12-03-2026","TORNTPOWER","Largecap","Power & Utilities"
"12-03-2026","PFC","Largecap","Financials"
"12-03-2026","KPRMILL","Largecap","Consumer Discretionary"
"12-03-2026","JSWENERGY","Largecap","Power & Utilities"
"12-03-2026","COALINDIA","Largecap","Metals & Mining"
"12-03-2026","STARHEALTH","Largecap","Financials"
"12-03-2026","TEGA","Midcap","Industrials"
"12-03-2026","TRAVELFOOD","Midcap","Consumer Discretionary"
"12-03-2026","LENSKART","Largecap","FMCG"
"13-03-2026","AIIL","Largecap","Financials"
"13-03-2026","ONESOURCE","Midcap","Healthcare"
"16-03-2026","CHENNPETRO","Largecap","Energy"
"16-03-2026","ZENTEC","Midcap","Aerospace & Defence"
"16-03-2026","DOMS","Midcap","Miscellaneous"
"16-03-2026","PREMIERENE","Largecap","Services"
"16-03-2026","ONESOURCE","Midcap","Healthcare"
"16-03-2026","PIRAMALFIN","Smallcap",""
"17-03-2026","CHENNPETRO","Largecap","Energy"
"17-03-2026","VTL","Midcap","Textiles"
"17-03-2026","LLOYDSME","Largecap","Metals & Mining"
"17-03-2026","NATIONALUM","Largecap","Metals & Mining"
"17-03-2026","BSOFT","Midcap","I.T"
"17-03-2026","MCX","Largecap","Financials"
"17-03-2026","BSE","Largecap","Financials"
"18-03-2026","KAJARIACER","Midcap","Building Materials"
"18-03-2026","OLECTRA","Midcap","Auto"
"18-03-2026","JBMA","Midcap","Auto"
"18-03-2026","SUNTV","Midcap","Media"
"18-03-2026","TIINDIA","Largecap","Industrials"
"18-03-2026","CLEAN","Midcap","Chemicals"
"18-03-2026","DOMS","Midcap","Miscellaneous"
"18-03-2026","JYOTICNC","Largecap","Industrials"
"18-03-2026","PREMIERENE","Largecap","Services"
"18-03-2026","SAILIFE","Largecap","Healthcare"
"18-03-2026","CPPLUS","Largecap","Consumer Discretionary"
"19-03-2026","ATGL","Largecap","Energy"
"19-03-2026","SUMICHEM","Largecap","Chemicals"
"20-03-2026","CHENNPETRO","Largecap","Energy"
"20-03-2026","LUPIN","Largecap","Healthcare"
"20-03-2026","JSWDULUX","Midcap","Building Materials"
"20-03-2026","CCL","Midcap","FMCG"
"20-03-2026","GMDCLTD","Midcap","Metals & Mining"
"20-03-2026","OLECTRA","Midcap","Auto"
"20-03-2026","BIOCON","Largecap","Healthcare"
"20-03-2026","TEGA","Midcap","Industrials"
"20-03-2026","DOMS","Midcap","Miscellaneous"
"20-03-2026","LENSKART","Largecap","FMCG"
"23-03-2026","ANURAS","Midcap","Chemicals"
"23-03-2026","PIRAMALFIN","Smallcap",""
"24-03-2026","HBLENGINE","Largecap","Auto"
"24-03-2026","ZYDUSWELL","Midcap","FMCG"
"24-03-2026","WELCORP","Largecap","Industrials"
"24-03-2026","UNITDSPR","Largecap","FMCG"
"24-03-2026","GRANULES","Largecap","Healthcare"
"24-03-2026","KEC","Midcap","Realty"
"24-03-2026","SUNTV","Midcap","Media"
"24-03-2026","TECHM","Largecap","I.T"
"24-03-2026","KIRLOSENG","Largecap","Industrials"
"24-03-2026","ACUTAAS","Largecap","Healthcare"
"24-03-2026","SYRMA","Largecap","Consumer Discretionary"
"24-03-2026","AADHARHFC","Largecap","Financials"
"24-03-2026","TBOTEK","Midcap","I.T"
"24-03-2026","EMCURE","Largecap","Healthcare"
"25-03-2026","BALRAMCHIN","Midcap","FMCG"
"25-03-2026","DEEPAKFERT","Midcap","Chemicals"
"25-03-2026","ZYDUSWELL","Midcap","FMCG"
"25-03-2026","WELCORP","Largecap","Industrials"
"25-03-2026","RADICO","Largecap","FMCG"
"25-03-2026","AIIL","Largecap","Financials"
"25-03-2026","SYNGENE","Midcap","Healthcare"
"25-03-2026","SUMICHEM","Largecap","Chemicals"
"25-03-2026","ABSLAMC","Largecap","Financials"
"25-03-2026","JYOTICNC","Largecap","Industrials"
"25-03-2026","CPPLUS","Largecap","Consumer Discretionary"
"27-03-2026","SPLPETRO","Midcap","Energy"
"27-03-2026","VTL","Midcap","Textiles"
"27-03-2026","GRAPHITE","Midcap","Industrials"
"27-03-2026","AFFLE","Largecap","I.T"
"27-03-2026","TEGA","Midcap","Industrials"
"27-03-2026","EMCURE","Largecap","Healthcare"
"27-03-2026","IKS","Largecap","I.T"
"27-03-2026","ATHERENERG","Largecap","Auto"
"27-03-2026","JAINREC","Midcap","Metals & Mining"
"30-03-2026","DOMS","Midcap","Miscellaneous"
"01-04-2026","CHAMBLFERT","Midcap","Chemicals"
"01-04-2026","GODREJIND","Largecap","Chemicals"
"01-04-2026","KAJARIACER","Midcap","Building Materials"
"01-04-2026","DEEPAKFERT","Midcap","Chemicals"
"01-04-2026","LLOYDSME","Largecap","Metals & Mining"
"01-04-2026","ASAHIINDIA","Largecap","Building Materials"
"01-04-2026","CCL","Midcap","FMCG"
"01-04-2026","LTFOODS","Midcap","FMCG"
"01-04-2026","TEJASNET","Midcap","Telecom"
"01-04-2026","GRSE","Largecap","Aerospace & Defence"
"01-04-2026","SUMICHEM","Largecap","Chemicals"
"01-04-2026","JYOTICNC","Largecap","Industrials"
"01-04-2026","PREMIERENE","Largecap","Services"
"02-04-2026","GODREJIND","Largecap","Chemicals"
"02-04-2026","TATAPOWER","Largecap","Power & Utilities"
"02-04-2026","JSWDULUX","Midcap","Building Materials"
"02-04-2026","TATACHEM","Midcap","Chemicals"
"02-04-2026","VTL","Midcap","Textiles"
"02-04-2026","LLOYDSME","Largecap","Metals & Mining"
"02-04-2026","CCL","Midcap","FMCG"
"02-04-2026","JUBLPHARMA","Midcap","Healthcare"
"02-04-2026","ZYDUSWELL","Midcap","FMCG"
"02-04-2026","WELCORP","Largecap","Industrials"
"02-04-2026","KEC","Midcap","Realty"
"02-04-2026","SUNTV","Midcap","Media"
"02-04-2026","TECHM","Largecap","I.T"
"02-04-2026","PFC","Largecap","Financials"
"02-04-2026","BRIGADE","Largecap","Realty"
"02-04-2026","NEWGEN","Midcap","I.T"
"02-04-2026","ABSLAMC","Largecap","Financials"
"02-04-2026","TEGA","Midcap","Industrials"
"02-04-2026","JYOTICNC","Largecap","Industrials"
"06-04-2026","TRENT","Largecap","Consumer Discretionary"
"06-04-2026","LLOYDSME","Largecap","Metals & Mining"
"06-04-2026","CCL","Midcap","FMCG"
"06-04-2026","ZYDUSWELL","Midcap","FMCG"
"06-04-2026","POLYMED","Midcap","Healthcare"
"06-04-2026","GMDCLTD","Midcap","Metals & Mining"
"06-04-2026","GRANULES","Largecap","Healthcare"
"06-04-2026","SYNGENE","Midcap","Healthcare"
"06-04-2026","ADANIGREEN","Largecap","Power & Utilities"
"06-04-2026","SUMICHEM","Largecap","Chemicals"
"06-04-2026","KALYANKJIL","Largecap","Consumer Discretionary"
"06-04-2026","ACUTAAS","Largecap","Healthcare"
"06-04-2026","ABSLAMC","Largecap","Financials"
"06-04-2026","ANANDRATHI","Largecap","Financials"
"06-04-2026","ATHERENERG","Largecap","Auto"
"07-04-2026","INFY","Largecap","I.T"
"07-04-2026","VTL","Midcap","Textiles"
"07-04-2026","CCL","Midcap","FMCG"
"07-04-2026","NATCOPHARM","Midcap","Healthcare"
"07-04-2026","MPHASIS","Largecap","I.T"
"07-04-2026","HCLTECH","Largecap","I.T"
"07-04-2026","GALLANTT","Midcap","Metals & Mining"
"07-04-2026","TECHM","Largecap","I.T"
"07-04-2026","TITAGARH","Midcap","Industrials"
"07-04-2026","VIJAYA","Midcap","Healthcare"
"07-04-2026","FIVESTAR","Midcap","Financials"
"07-04-2026","IKS","Largecap","I.T"
"07-04-2026","TENNIND","Largecap","Auto"
"08-04-2026","BATAINDIA","Midcap","Consumer Discretionary"
"08-04-2026","HINDPETRO","Largecap","Energy"
"08-04-2026","DEEPAKFERT","Midcap","Chemicals"
"08-04-2026","CHOLAHLDNG","Largecap","Financials"
"08-04-2026","ELECON","Midcap","Industrials"
"08-04-2026","CEMPRO","Largecap","Realty"
"08-04-2026","ASAHIINDIA","Largecap","Building Materials"
"08-04-2026","NATCOPHARM","Midcap","Healthcare"
"08-04-2026","CHOICEIN","Midcap","Financials"
"08-04-2026","WELCORP","Largecap","Industrials"
"08-04-2026","UNOMINDA","Largecap","Auto"
"08-04-2026","INDIANB","Largecap","Bank"
"08-04-2026","DLF","Largecap","Realty"
"08-04-2026","MOTILALOFS","Largecap","Financials"
"08-04-2026","SCHNEIDER","Largecap","Industrials"
"08-04-2026","PNBHOUSING","Largecap","Financials"
"08-04-2026","NAM-INDIA","Largecap","Financials"
"08-04-2026","ADANIGREEN","Largecap","Power & Utilities"
"08-04-2026","GRSE","Largecap","Aerospace & Defence"
"08-04-2026","SUMICHEM","Largecap","Chemicals"
"08-04-2026","JUBLINGREA","Midcap","Chemicals"
"08-04-2026","KALYANKJIL","Largecap","Consumer Discretionary"
"08-04-2026","PAYTM","Largecap","I.T"
"08-04-2026","ANANDRATHI","Largecap","Financials"
"08-04-2026","MAPMYINDIA","Smallcap","I.T"
"08-04-2026","RAINBOW","Midcap","Healthcare"
"08-04-2026","FIVESTAR","Midcap","Financials"
"08-04-2026","NUVAMA","Largecap","Financials"
"08-04-2026","SIGNATURE","Midcap","Realty"
"09-04-2026","HINDALCO","Largecap","Metals & Mining"
"09-04-2026","CEMPRO","Largecap","Realty"
"09-04-2026","NAVA","Midcap","Miscellaneous"
"09-04-2026","CONCOR","Largecap","Transportation"
"09-04-2026","WELCORP","Largecap","Industrials"
"09-04-2026","OLECTRA","Midcap","Auto"
"09-04-2026","PFC","Largecap","Financials"
"09-04-2026","ZENTEC","Midcap","Aerospace & Defence"
"09-04-2026","COCHINSHIP","Largecap","Aerospace & Defence"
"09-04-2026","ANANDRATHI","Largecap","Financials"
"09-04-2026","FIVESTAR","Midcap","Financials"
"09-04-2026","ATHERENERG","Largecap","Auto"
"09-04-2026","ANTHEM","Largecap","Healthcare"
"10-04-2026","ABREL","Midcap","Realty"
"10-04-2026","TATACHEM","Midcap","Chemicals"
"10-04-2026","ASIANPAINT","Largecap","Building Materials"
"10-04-2026","TATAINVEST","Largecap","Financials"
"10-04-2026","BERGEPAINT","Largecap","Building Materials"
"10-04-2026","KPIL","Largecap","Realty"
"10-04-2026","CAPLIPOINT","Largecap","Healthcare"
"10-04-2026","ACE","Midcap","Industrials"
"10-04-2026","SCHNEIDER","Largecap","Industrials"
"10-04-2026","MGL","Midcap","Energy"
"10-04-2026","NAM-INDIA","Largecap","Financials"
"10-04-2026","ATGL","Largecap","Energy"
"10-04-2026","COHANCE","Midcap","Healthcare"
"10-04-2026","ABSLAMC","Largecap","Financials"
"10-04-2026","ABDL","Midcap","FMCG"
"10-04-2026","IKS","Largecap","I.T"
"10-04-2026","ATHERENERG","Largecap","Auto"
"10-04-2026","ANTHEM","Largecap","Healthcare"
"10-04-2026","LENSKART","Largecap","FMCG"
"13-04-2026","BATAINDIA","Midcap","Consumer Discretionary"
"13-04-2026","TATAPOWER","Largecap","Power & Utilities"
"13-04-2026","TATAINVEST","Largecap","Financials"
"13-04-2026","SARDAEN","Midcap","Metals & Mining"
"13-04-2026","BERGEPAINT","Largecap","Building Materials"
"13-04-2026","UPL","Largecap","Chemicals"
"13-04-2026","NAVA","Midcap","Miscellaneous"
"13-04-2026","ANANTRAJ","Largecap","Realty"
"13-04-2026","HBLENGINE","Largecap","Auto"
"13-04-2026","CCL","Midcap","FMCG"
"13-04-2026","WELCORP","Largecap","Industrials"
"13-04-2026","GMDCLTD","Midcap","Metals & Mining"
"13-04-2026","AXISBANK","Largecap","Bank"
"13-04-2026","GLENMARK","Largecap","Healthcare"
"13-04-2026","WOCKPHARMA","Largecap","Healthcare"
"13-04-2026","GALLANTT","Midcap","Metals & Mining"
"13-04-2026","SUNTV","Midcap","Media"
"13-04-2026","INDIANB","Largecap","Bank"
"13-04-2026","DLF","Largecap","Realty"
"13-04-2026","ADANIPORTS","Largecap","Transportation"
"13-04-2026","BRIGADE","Largecap","Realty"
"13-04-2026","OBEROIRLTY","Largecap","Realty"
"13-04-2026","SCHNEIDER","Largecap","Industrials"
"13-04-2026","ADANIENSOL","Largecap","Power & Utilities"
"13-04-2026","ERIS","Midcap","Healthcare"
"13-04-2026","ADANIGREEN","Largecap","Power & Utilities"
"13-04-2026","AAVAS","Midcap","Financials"
"13-04-2026","AFFLE","Largecap","I.T"
"13-04-2026","SUMICHEM","Largecap","Chemicals"
"13-04-2026","MAZDOCK","Largecap","Aerospace & Defence"
"13-04-2026","VIJAYA","Midcap","Healthcare"
"13-04-2026","ABSLAMC","Largecap","Financials"
"13-04-2026","ANANDRATHI","Largecap","Financials"
"13-04-2026","RAINBOW","Midcap","Healthcare"
"13-04-2026","EMCURE","Largecap","Healthcare"
"13-04-2026","ONESOURCE","Midcap","Healthcare"
"13-04-2026","CPPLUS","Largecap","Consumer Discretionary"
"15-04-2026","BEML","Midcap","Aerospace & Defence"
"15-04-2026","CGPOWER","Largecap","Industrials"
"15-04-2026","TATAPOWER","Largecap","Power & Utilities"
"15-04-2026","SPLPETRO","Midcap","Energy"
"15-04-2026","DEEPAKFERT","Midcap","Chemicals"
"15-04-2026","GRAPHITE","Midcap","Industrials"
"15-04-2026","HBLENGINE","Largecap","Auto"
"15-04-2026","MPHASIS","Largecap","I.T"
"15-04-2026","WELCORP","Largecap","Industrials"
"15-04-2026","CYIENT","Midcap","I.T"
"15-04-2026","BSOFT","Midcap","I.T"
"15-04-2026","GRANULES","Largecap","Healthcare"
"15-04-2026","COFORGE","Largecap","I.T"
"15-04-2026","GALLANTT","Midcap","Metals & Mining"
"15-04-2026","FORTIS","Largecap","Healthcare"
"15-04-2026","KIRLOSENG","Largecap","Industrials"
"15-04-2026","ERIS","Midcap","Healthcare"
"15-04-2026","NEWGEN","Midcap","I.T"
"15-04-2026","TECHNOE","Midcap","Realty"
"15-04-2026","UTIAMC","Midcap","Financials"
"15-04-2026","JUBLINGREA","Midcap","Chemicals"
"15-04-2026","LODHA","Largecap","Realty"
"15-04-2026","SHYAMMETL","Largecap","Metals & Mining"
"15-04-2026","VIJAYA","Midcap","Healthcare"
"15-04-2026","FIVESTAR","Midcap","Financials"
"15-04-2026","TBOTEK","Midcap","I.T"
"15-04-2026","CPPLUS","Largecap","Consumer Discretionary"
"16-04-2026","TRENT","Largecap","Consumer Discretionary"
"16-04-2026","LLOYDSME","Largecap","Metals & Mining"
"16-04-2026","INDIACEM","Midcap","Building Materials"
"16-04-2026","GMDCLTD","Midcap","Metals & Mining"
"16-04-2026","GALLANTT","Midcap","Metals & Mining"
"16-04-2026","TITAGARH","Midcap","Industrials"
"16-04-2026","ADANIENSOL","Largecap","Power & Utilities"
"16-04-2026","SYNGENE","Midcap","Healthcare"
"16-04-2026","VBL","Largecap","FMCG"
"16-04-2026","POLICYBZR","Largecap","I.T"
"16-04-2026","STARHEALTH","Largecap","Financials"
"16-04-2026","SYRMA","Largecap","Consumer Discretionary"
"16-04-2026","RRKABEL","Largecap","Industrials"
"16-04-2026","ABDL","Midcap","FMCG"
"17-04-2026","CGPOWER","Largecap","Industrials"
"17-04-2026","DABUR","Largecap","FMCG"
"17-04-2026","CHENNPETRO","Largecap","Energy"
"17-04-2026","JSWSTEEL","Largecap","Metals & Mining"
"17-04-2026","WHIRLPOOL","Midcap","Consumer Discretionary"
"17-04-2026","HINDUNILVR","Largecap","FMCG"
"17-04-2026","NESTLEIND","Largecap","FMCG"
"17-04-2026","COLPAL","Largecap","FMCG"
"17-04-2026","LLOYDSME","Largecap","Metals & Mining"
"17-04-2026","NAVA","Midcap","Miscellaneous"
"17-04-2026","CARBORUNIV","Largecap","Industrials"
"17-04-2026","NATCOPHARM","Midcap","Healthcare"
"17-04-2026","EMAMILTD","Midcap","FMCG"
"17-04-2026","NATIONALUM","Largecap","Metals & Mining"
"17-04-2026","JINDALSTEL","Largecap","Metals & Mining"
"17-04-2026","GODREJCP","Largecap","FMCG"
"17-04-2026","UNITDSPR","Largecap","FMCG"
"17-04-2026","KPRMILL","Largecap","Consumer Discretionary"
"17-04-2026","MOTILALOFS","Largecap","Financials"
"17-04-2026","ECLERX","Midcap","I.T"
"17-04-2026","ZENTEC","Midcap","Aerospace & Defence"
"17-04-2026","TRITURBINE","Midcap","Industrials"
"17-04-2026","SCHNEIDER","Largecap","Industrials"
"17-04-2026","MGL","Midcap","Energy"
"17-04-2026","PNBHOUSING","Largecap","Financials"
"17-04-2026","VBL","Largecap","FMCG"
"17-04-2026","COCHINSHIP","Largecap","Aerospace & Defence"
"17-04-2026","NAM-INDIA","Largecap","Financials"
"17-04-2026","HDFCAMC","Largecap","Financials"
"17-04-2026","ATGL","Largecap","Energy"
"17-04-2026","360ONE","Largecap","Financials"
"17-04-2026","SUMICHEM","Largecap","Chemicals"
"17-04-2026","COHANCE","Midcap","Healthcare"
"17-04-2026","UTIAMC","Midcap","Financials"
"17-04-2026","SONACOMS","Largecap","Auto"
"17-04-2026","KIMS","Largecap","Healthcare"
"17-04-2026","ABSLAMC","Largecap","Financials"
"17-04-2026","MAPMYINDIA","Smallcap","I.T"
"17-04-2026","BIKAJI","Midcap","FMCG"
"17-04-2026","NUVAMA","Largecap","Financials"
"17-04-2026","ABDL","Midcap","FMCG"
"17-04-2026","CPPLUS","Largecap","Consumer Discretionary"
"20-04-2026","AEGISLOG","Largecap","Services"
"20-04-2026","CGPOWER","Largecap","Industrials"
"20-04-2026","HINDPETRO","Largecap","Energy"
"20-04-2026","JSWSTEEL","Largecap","Metals & Mining"
"20-04-2026","WHIRLPOOL","Midcap","Consumer Discretionary"
"20-04-2026","TRENT","Largecap","Consumer Discretionary"
"20-04-2026","ELECON","Midcap","Industrials"
"20-04-2026","BERGEPAINT","Largecap","Building Materials"
"20-04-2026","JINDALSTEL","Largecap","Metals & Mining"
"20-04-2026","PFC","Largecap","Financials"
"20-04-2026","RECLTD","Largecap","Financials"
"20-04-2026","TRITURBINE","Midcap","Industrials"
"20-04-2026","SCHNEIDER","Largecap","Industrials"
"20-04-2026","TIINDIA","Largecap","Industrials"
"20-04-2026","TECHNOE","Midcap","Realty"
"20-04-2026","CHALET","Midcap","Services"
"20-04-2026","SIGNATURE","Midcap","Realty"
"20-04-2026","ATHERENERG","Largecap","Auto"
"21-04-2026","DABUR","Largecap","FMCG"
"21-04-2026","HSCL","Largecap","Chemicals"
"21-04-2026","TRENT","Largecap","Consumer Discretionary"
"21-04-2026","LICHSGFIN","Largecap","Financials"
"21-04-2026","HINDUNILVR","Largecap","FMCG"
"21-04-2026","NESTLEIND","Largecap","FMCG"
"21-04-2026","ELECON","Midcap","Industrials"
"21-04-2026","DEEPAKNTR","Largecap","Chemicals"
"21-04-2026","GRAPHITE","Midcap","Industrials"
"21-04-2026","EMAMILTD","Midcap","FMCG"
"21-04-2026","UNITDSPR","Largecap","FMCG"
"21-04-2026","KEC","Midcap","Realty"
"21-04-2026","SOBHA","Midcap","Realty"
"21-04-2026","VBL","Largecap","FMCG"
"21-04-2026","AUBANK","Largecap","Bank"
"21-04-2026","NAM-INDIA","Largecap","Financials"
"21-04-2026","UTIAMC","Midcap","Financials"
"21-04-2026","HOMEFIRST","Midcap","Financials"
"21-04-2026","FIVESTAR","Midcap","Financials"
"21-04-2026","SIGNATURE","Midcap","Realty"
"21-04-2026","HONASA","Midcap","Services"
"21-04-2026","HEXT","Smallcap",""
"22-04-2026","ARE&M","Midcap","Auto"
"22-04-2026","BALRAMCHIN","Midcap","FMCG"
"22-04-2026","EXIDEIND","Largecap","Auto"
"22-04-2026","CHENNPETRO","Largecap","Energy"
"22-04-2026","FINCABLES","Largecap","Industrials"
"22-04-2026","HSCL","Largecap","Chemicals"
"22-04-2026","HINDZINC","Largecap","Metals & Mining"
"22-04-2026","SPLPETRO","Midcap","Energy"
"22-04-2026","TATACONSUM","Largecap","FMCG"
"22-04-2026","ASIANPAINT","Largecap","Building Materials"
"22-04-2026","SARDAEN","Midcap","Metals & Mining"
"22-04-2026","ELECON","Midcap","Industrials"
"22-04-2026","DEEPAKNTR","Largecap","Chemicals"
"22-04-2026","CEMPRO","Largecap","Realty"
"22-04-2026","HBLENGINE","Largecap","Auto"
"22-04-2026","AARTIIND","Midcap","Chemicals"
"22-04-2026","AUROPHARMA","Largecap","Healthcare"
"22-04-2026","JUBLPHARMA","Midcap","Healthcare"
"22-04-2026","EMAMILTD","Midcap","FMCG"
"22-04-2026","CONCOR","Largecap","Transportation"
"22-04-2026","NATIONALUM","Largecap","Metals & Mining"
"22-04-2026","UNITDSPR","Largecap","FMCG"
"22-04-2026","NTPC","Largecap","Power & Utilities"
"22-04-2026","JSWENERGY","Largecap","Power & Utilities"
"22-04-2026","SCHNEIDER","Largecap","Industrials"
"22-04-2026","INTELLECT","Midcap","I.T"
"22-04-2026","ADANIENSOL","Largecap","Power & Utilities"
"22-04-2026","ADANIGREEN","Largecap","Power & Utilities"
"22-04-2026","GRSE","Largecap","Aerospace & Defence"
"22-04-2026","MAPMYINDIA","Smallcap","I.T"
"22-04-2026","MEDANTA","Largecap","Healthcare"
"22-04-2026","MANKIND","Largecap","Healthcare"
"22-04-2026","DOMS","Midcap","Miscellaneous"
"22-04-2026","INDGN","Midcap","Healthcare"
"22-04-2026","ANTHEM","Largecap","Healthcare"
"23-04-2026","CIPLA","Largecap","Healthcare"
"23-04-2026","DRREDDY","Largecap","Healthcare"
"23-04-2026","TATACOMM","Largecap","Telecom-Service"
"23-04-2026","COLPAL","Largecap","FMCG"
"23-04-2026","ADANIENT","Largecap","Services"
"23-04-2026","WELCORP","Largecap","Industrials"
"23-04-2026","GLENMARK","Largecap","Healthcare"
"23-04-2026","TORNTPOWER","Largecap","Power & Utilities"
"23-04-2026","AIIL","Largecap","Financials"
"23-04-2026","LAURUSLABS","Largecap","Healthcare"
"23-04-2026","BDL","Largecap","Aerospace & Defence"
"23-04-2026","CAMS","Midcap","Financials"
"23-04-2026","JUBLINGREA","Midcap","Chemicals"
"23-04-2026","POLICYBZR","Largecap","I.T"
"23-04-2026","ONESOURCE","Midcap","Healthcare"
"24-04-2026","VTL","Midcap","Textiles"
"24-04-2026","TITAGARH","Midcap","Industrials"
"24-04-2026","SCHNEIDER","Largecap","Industrials"
"24-04-2026","ADANIENSOL","Largecap","Power & Utilities"
"24-04-2026","PNBHOUSING","Largecap","Financials"
"24-04-2026","ASTERDM","Largecap","Healthcare"
"24-04-2026","ADANIGREEN","Largecap","Power & Utilities"
"24-04-2026","VIJAYA","Midcap","Healthcare"
"24-04-2026","PREMIERENE","Largecap","Services"
"24-04-2026","ONESOURCE","Midcap","Healthcare"
"24-04-2026","HDBFS","Largecap","Financials"
"27-04-2026","ABREL","Midcap","Realty"
"27-04-2026","BLUESTARCO","Largecap","Consumer Discretionary"
"27-04-2026","FINCABLES","Largecap","Industrials"
"27-04-2026","HINDZINC","Largecap","Metals & Mining"
"27-04-2026","WHIRLPOOL","Midcap","Consumer Discretionary"
"27-04-2026","TATAPOWER","Largecap","Power & Utilities"
"27-04-2026","TATACHEM","Midcap","Chemicals"
"27-04-2026","SARDAEN","Midcap","Metals & Mining"
"27-04-2026","GABRIEL","Largecap","Auto"
"27-04-2026","HINDCOPPER","Largecap","Metals & Mining"
"27-04-2026","ANANTRAJ","Largecap","Realty"
"27-04-2026","SUNPHARMA","Largecap","Healthcare"
"27-04-2026","CAPLIPOINT","Largecap","Healthcare"
"27-04-2026","SAREGAMA","Midcap","Media"
"27-04-2026","INDUSINDBK","Largecap","Bank"
"27-04-2026","RKFORGE","Midcap","Industrials"
"27-04-2026","CIEINDIA","Midcap","Industrials"
"27-04-2026","TITAGARH","Midcap","Industrials"
"27-04-2026","JSWENERGY","Largecap","Power & Utilities"
"27-04-2026","GODREJPROP","Largecap","Realty"
"27-04-2026","KIRLOSENG","Largecap","Industrials"
"27-04-2026","INTELLECT","Midcap","I.T"
"27-04-2026","SYNGENE","Midcap","Healthcare"
"27-04-2026","VBL","Largecap","FMCG"
"27-04-2026","NEWGEN","Midcap","I.T"
"27-04-2026","TECHNOE","Midcap","Realty"
"27-04-2026","AFFLE","Largecap","I.T"
"27-04-2026","COHANCE","Midcap","Healthcare"
"27-04-2026","LODHA","Largecap","Realty"
"27-04-2026","SONACOMS","Largecap","Auto"
"27-04-2026","SHYAMMETL","Largecap","Metals & Mining"
"27-04-2026","KIMS","Largecap","Healthcare"
"27-04-2026","VIJAYA","Midcap","Healthcare"
"27-04-2026","MEDANTA","Largecap","Healthcare"
"27-04-2026","FIVESTAR","Midcap","Financials"
"27-04-2026","BLUEJET","Midcap","Healthcare"
"27-04-2026","TATATECH","Largecap","I.T"
"27-04-2026","HYUNDAI","Largecap","Auto"
"27-04-2026","SAILIFE","Largecap","Healthcare"
"27-04-2026","IKS","Largecap","I.T"
"27-04-2026","ONESOURCE","Midcap","Healthcare"
"27-04-2026","ATHERENERG","Largecap","Auto"
"27-04-2026","ANTHEM","Largecap","Healthcare"
"27-04-2026","CPPLUS","Largecap","Consumer Discretionary"
"28-04-2026","RELIANCE","Largecap","Energy"
"28-04-2026","GESHIP","Largecap","Transportation"
"28-04-2026","TATACHEM","Midcap","Chemicals"
"28-04-2026","NESTLEIND","Largecap","FMCG"
"28-04-2026","LLOYDSME","Largecap","Metals & Mining"
"28-04-2026","ADANIENT","Largecap","Services"
"28-04-2026","GLENMARK","Largecap","Healthcare"
"28-04-2026","OLECTRA","Midcap","Auto"
"28-04-2026","RKFORGE","Midcap","Industrials"
"28-04-2026","OIL","Largecap","Energy"
"28-04-2026","INTELLECT","Midcap","I.T"
"28-04-2026","COHANCE","Midcap","Healthcare"
"28-04-2026","RRKABEL","Largecap","Industrials"
"28-04-2026","PIRAMALFIN","Smallcap",""
"29-04-2026","ABREL","Midcap","Realty"
"29-04-2026","CHENNPETRO","Largecap","Energy"
"29-04-2026","GODFRYPHLP","Largecap","FMCG"
"29-04-2026","HSCL","Largecap","Chemicals"
"29-04-2026","LICHSGFIN","Largecap","Financials"
"29-04-2026","RELIANCE","Largecap","Energy"
"29-04-2026","GESHIP","Largecap","Transportation"
"29-04-2026","PVRINOX","Midcap","Media"
"29-04-2026","COALINDIA","Largecap","Metals & Mining"
"29-04-2026","MCX","Largecap","Financials"
"29-04-2026","SCHNEIDER","Largecap","Industrials"
"29-04-2026","COCHINSHIP","Largecap","Aerospace & Defence"
"29-04-2026","LODHA","Largecap","Realty"
"29-04-2026","CLEAN","Midcap","Chemicals"
"29-04-2026","CONCORDBIO","Midcap","Healthcare"
"29-04-2026","EMCURE","Largecap","Healthcare"
"29-04-2026","IKS","Largecap","I.T"
"30-04-2026","BHEL","Largecap","Industrials"
"30-04-2026","RELIANCE","Largecap","Energy"
"30-04-2026","ELECON","Midcap","Industrials"
"30-04-2026","BERGEPAINT","Largecap","Building Materials"
"30-04-2026","CEMPRO","Largecap","Realty"
"30-04-2026","ADANIENT","Largecap","Services"
"30-04-2026","DCMSHRIRAM","Midcap","Miscellaneous"
"30-04-2026","TORNTPOWER","Largecap","Power & Utilities"
"30-04-2026","MOTILALOFS","Largecap","Financials"
"30-04-2026","SCHNEIDER","Largecap","Industrials"
"30-04-2026","KPITTECH","Midcap","I.T"
"30-04-2026","COHANCE","Midcap","Healthcare"
"30-04-2026","ANURAS","Midcap","Chemicals"
"30-04-2026","SONACOMS","Largecap","Auto"
"30-04-2026","VIJAYA","Midcap","Healthcare"
"30-04-2026","IKS","Largecap","I.T"
"30-04-2026","TENNIND","Largecap","Auto"
"04-05-2026","BEML","Midcap","Aerospace & Defence"
"04-05-2026","FINCABLES","Largecap","Industrials"
"04-05-2026","COLPAL","Largecap","FMCG"
"04-05-2026","ELECON","Midcap","Industrials"
"04-05-2026","CEMPRO","Largecap","Realty"
"04-05-2026","ADANIENT","Largecap","Services"
"04-05-2026","CARBORUNIV","Largecap","Industrials"
"04-05-2026","ANANTRAJ","Largecap","Realty"
"04-05-2026","CCL","Midcap","FMCG"
"04-05-2026","DCMSHRIRAM","Midcap","Miscellaneous"
"04-05-2026","POONAWALLA","Largecap","Financials"
"04-05-2026","FORTIS","Largecap","Healthcare"
"04-05-2026","DLF","Largecap","Realty"
"04-05-2026","MOTILALOFS","Largecap","Financials"
"04-05-2026","ADANIPORTS","Largecap","Transportation"
"04-05-2026","ZENTEC","Midcap","Aerospace & Defence"
"04-05-2026","ADANIENSOL","Largecap","Power & Utilities"
"04-05-2026","SYNGENE","Midcap","Healthcare"
"04-05-2026","LALPATHLAB","Largecap","Healthcare"
"04-05-2026","GICRE","Largecap","Financials"
"04-05-2026","ADANIGREEN","Largecap","Power & Utilities"
"04-05-2026","SUMICHEM","Largecap","Chemicals"
"04-05-2026","SHYAMMETL","Largecap","Metals & Mining"
"04-05-2026","ACUTAAS","Largecap","Healthcare"
"04-05-2026","ABSLAMC","Largecap","Financials"
"04-05-2026","SYRMA","Largecap","Consumer Discretionary"
"04-05-2026","MEDANTA","Largecap","Healthcare"
"04-05-2026","CONCORDBIO","Midcap","Healthcare"
"04-05-2026","RRKABEL","Largecap","Industrials"
"04-05-2026","BLUEJET","Midcap","Healthcare"
"04-05-2026","INDGN","Midcap","Healthcare"
"04-05-2026","AADHARHFC","Largecap","Financials"
"04-05-2026","EMCURE","Largecap","Healthcare"
"05-05-2026","BAJFINANCE","Largecap","Financials"
"05-05-2026","CGPOWER","Largecap","Industrials"
"05-05-2026","DABUR","Largecap","FMCG"
"05-05-2026","HINDALCO","Largecap","Metals & Mining"
"05-05-2026","BHARATFORG","Largecap","Industrials"
"05-05-2026","CHOLAHLDNG","Largecap","Financials"
"05-05-2026","GABRIEL","Largecap","Auto"
"05-05-2026","AUROPHARMA","Largecap","Healthcare"
"05-05-2026","MARICO","Largecap","FMCG"
"05-05-2026","POLYMED","Midcap","Healthcare"
"05-05-2026","GODREJCP","Largecap","FMCG"
"05-05-2026","PFC","Largecap","Financials"
"05-05-2026","TITAGARH","Midcap","Industrials"
"05-05-2026","GRAVITA","Midcap","Metals & Mining"
"05-05-2026","ABCAPITAL","Largecap","Financials"
"05-05-2026","NAM-INDIA","Largecap","Financials"
"05-05-2026","ADANIGREEN","Largecap","Power & Utilities"
"05-05-2026","HDFCAMC","Largecap","Financials"
"05-05-2026","CREDITACC","Largecap","Financials"
"05-05-2026","AAVAS","Midcap","Financials"
"05-05-2026","SUMICHEM","Largecap","Chemicals"
"05-05-2026","CAMS","Midcap","Financials"
"05-05-2026","SYRMA","Largecap","Consumer Discretionary"
"05-05-2026","MANKIND","Largecap","Healthcare"
"05-05-2026","BLUEJET","Midcap","Healthcare"
"05-05-2026","AADHARHFC","Largecap","Financials"
"06-05-2026","AEGISLOG","Largecap","Services"
"06-05-2026","ABREL","Midcap","Realty"
"06-05-2026","CHAMBLFERT","Midcap","Chemicals"
"06-05-2026","BHEL","Largecap","Industrials"
"06-05-2026","HINDPETRO","Largecap","Energy"
"06-05-2026","GODREJIND","Largecap","Chemicals"
"06-05-2026","HSCL","Largecap","Chemicals"
"06-05-2026","HINDZINC","Largecap","Metals & Mining"
"06-05-2026","LICHSGFIN","Largecap","Financials"
"06-05-2026","GESHIP","Largecap","Transportation"
"06-05-2026","INDHOTEL","Largecap","Services"
"06-05-2026","SRF","Largecap","Chemicals"
"06-05-2026","DEEPAKNTR","Largecap","Chemicals"
"06-05-2026","ADANIENT","Largecap","Services"
"06-05-2026","ANANTRAJ","Largecap","Realty"
"06-05-2026","USHAMART","Midcap","Metals & Mining"
"06-05-2026","HBLENGINE","Largecap","Auto"
"06-05-2026","DCMSHRIRAM","Midcap","Miscellaneous"
"06-05-2026","CAPLIPOINT","Largecap","Healthcare"
"06-05-2026","AUROPHARMA","Largecap","Healthcare"
"06-05-2026","WELCORP","Largecap","Industrials"
"06-05-2026","INDUSINDBK","Largecap","Bank"
"06-05-2026","WOCKPHARMA","Largecap","Healthcare"
"06-05-2026","ZYDUSLIFE","Largecap","Healthcare"
"06-05-2026","UNOMINDA","Largecap","Auto"
"06-05-2026","DLF","Largecap","Realty"
"06-05-2026","GRAVITA","Midcap","Metals & Mining"
"06-05-2026","INTELLECT","Midcap","I.T"
"06-05-2026","AIIL","Largecap","Financials"
"06-05-2026","TEJASNET","Midcap","Telecom"
"06-05-2026","NAM-INDIA","Largecap","Financials"
"06-05-2026","SUMICHEM","Largecap","Chemicals"
"06-05-2026","LODHA","Largecap","Realty"
"06-05-2026","CLEAN","Midcap","Chemicals"
"06-05-2026","MANKIND","Largecap","Healthcare"
"06-05-2026","NUVAMA","Largecap","Financials"
"07-05-2026","BEML","Midcap","Aerospace & Defence"
"07-05-2026","EXIDEIND","Largecap","Auto"
"07-05-2026","CGPOWER","Largecap","Industrials"
"07-05-2026","BHEL","Largecap","Industrials"
"07-05-2026","FINCABLES","Largecap","Industrials"
"07-05-2026","GODREJIND","Largecap","Chemicals"
"07-05-2026","BHARATFORG","Largecap","Industrials"
"07-05-2026","DEEPAKFERT","Midcap","Chemicals"
"07-05-2026","SRF","Largecap","Chemicals"
"07-05-2026","GABRIEL","Largecap","Auto"
"07-05-2026","ELGIEQUIP","Midcap","Industrials"
"07-05-2026","JUBLPHARMA","Midcap","Healthcare"
"07-05-2026","KEC","Midcap","Realty"
"07-05-2026","KPRMILL","Largecap","Consumer Discretionary"
"07-05-2026","PRESTIGE","Largecap","Realty"
"07-05-2026","SCHNEIDER","Largecap","Industrials"
"07-05-2026","ENDURANCE","Largecap","Auto"
"07-05-2026","TEJASNET","Midcap","Telecom"
"07-05-2026","COCHINSHIP","Largecap","Aerospace & Defence"
"07-05-2026","HDFCLIFE","Largecap","Financials"
"07-05-2026","BDL","Largecap","Aerospace & Defence"
"07-05-2026","GLAND","Largecap","Healthcare"
"07-05-2026","LODHA","Largecap","Realty"
"07-05-2026","SYRMA","Largecap","Consumer Discretionary"
"07-05-2026","RRKABEL","Largecap","Industrials"
"07-05-2026","NUVAMA","Largecap","Financials"
"07-05-2026","ABDL","Midcap","FMCG"
"07-05-2026","ONESOURCE","Midcap","Healthcare"
"07-05-2026","JAINREC","Midcap","Metals & Mining"
"08-05-2026","HSCL","Largecap","Chemicals"
"08-05-2026","BERGEPAINT","Largecap","Building Materials"
"08-05-2026","ZYDUSWELL","Midcap","FMCG"
"08-05-2026","OLECTRA","Midcap","Auto"
"08-05-2026","UNOMINDA","Largecap","Auto"
"08-05-2026","COFORGE","Largecap","I.T"
"08-05-2026","JBMA","Midcap","Auto"
"08-05-2026","ACE","Midcap","Industrials"
"08-05-2026","TRITURBINE","Midcap","Industrials"
"08-05-2026","LALPATHLAB","Largecap","Healthcare"
"08-05-2026","MGL","Midcap","Energy"
"08-05-2026","PNBHOUSING","Largecap","Financials"
"08-05-2026","CLEAN","Midcap","Chemicals"
"08-05-2026","VIJAYA","Midcap","Healthcare"
"08-05-2026","NUVAMA","Largecap","Financials"
"08-05-2026","ABDL","Midcap","FMCG"
"08-05-2026","SAILIFE","Largecap","Healthcare"
"08-05-2026","HEXT","Smallcap",""
"08-05-2026","JAINREC","Midcap","Metals & Mining"
"08-05-2026","PIRAMALFIN","Smallcap",""
"11-05-2026","TATACONSUM","Largecap","FMCG"
"11-05-2026","VTL","Midcap","Textiles"
"11-05-2026","CARBORUNIV","Largecap","Industrials"
"11-05-2026","SUNPHARMA","Largecap","Healthcare"
"11-05-2026","NATCOPHARM","Midcap","Healthcare"
"11-05-2026","WELCORP","Largecap","Industrials"
"11-05-2026","ZYDUSLIFE","Largecap","Healthcare"
"11-05-2026","BIOCON","Largecap","Healthcare"
"11-05-2026","JBMA","Midcap","Auto"
"11-05-2026","FORTIS","Largecap","Healthcare"
"11-05-2026","COALINDIA","Largecap","Metals & Mining"
"11-05-2026","ZENTEC","Midcap","Aerospace & Defence"
"11-05-2026","SYNGENE","Midcap","Healthcare"
"11-05-2026","ENDURANCE","Largecap","Auto"
"11-05-2026","LAURUSLABS","Largecap","Healthcare"
"11-05-2026","ADANIGREEN","Largecap","Power & Utilities"
"11-05-2026","AFFLE","Largecap","I.T"
"11-05-2026","MAXHEALTH","Largecap","Healthcare"
"11-05-2026","KIMS","Largecap","Healthcare"
"11-05-2026","VIJAYA","Midcap","Healthcare"
"11-05-2026","MAPMYINDIA","Smallcap","I.T"
"11-05-2026","MEDANTA","Largecap","Healthcare"
"11-05-2026","CONCORDBIO","Midcap","Healthcare"
"11-05-2026","INDGN","Midcap","Healthcare"
"11-05-2026","IKS","Largecap","I.T"
"11-05-2026","HEXT","Smallcap",""
"11-05-2026","ATHERENERG","Largecap","Auto"
"12-05-2026","OIL","Largecap","Energy"
"13-05-2026","CIPLA","Largecap","Healthcare"
"13-05-2026","HSCL","Largecap","Chemicals"
"13-05-2026","LICHSGFIN","Largecap","Financials"
"13-05-2026","DEEPAKFERT","Midcap","Chemicals"
"13-05-2026","DEEPAKNTR","Largecap","Chemicals"
"13-05-2026","GRAPHITE","Midcap","Industrials"
"13-05-2026","ADANIENT","Largecap","Services"
"13-05-2026","HINDCOPPER","Largecap","Metals & Mining"
"13-05-2026","WELCORP","Largecap","Industrials"
"13-05-2026","BIOCON","Largecap","Healthcare"
"13-05-2026","ADANIPORTS","Largecap","Transportation"
"13-05-2026","OIL","Largecap","Energy"
"13-05-2026","SCHNEIDER","Largecap","Industrials"
"13-05-2026","ADANIGREEN","Largecap","Power & Utilities"
"13-05-2026","AAVAS","Midcap","Financials"
"13-05-2026","KIMS","Largecap","Healthcare"
"13-05-2026","ACUTAAS","Largecap","Healthcare"
"13-05-2026","MAPMYINDIA","Smallcap","I.T"
"13-05-2026","SIGNATURE","Midcap","Realty"
"13-05-2026","JAINREC","Midcap","Metals & Mining"
"14-05-2026","BAJFINANCE","Largecap","Financials"
"14-05-2026","CIPLA","Largecap","Healthcare"
"14-05-2026","GODFRYPHLP","Largecap","FMCG"
"14-05-2026","HINDALCO","Largecap","Metals & Mining"
"14-05-2026","BERGEPAINT","Largecap","Building Materials"
"14-05-2026","CEMPRO","Largecap","Realty"
"14-05-2026","ADANIENT","Largecap","Services"
"14-05-2026","CAPLIPOINT","Largecap","Healthcare"
"14-05-2026","NATCOPHARM","Midcap","Healthcare"
"14-05-2026","SAREGAMA","Midcap","Media"
"14-05-2026","ZYDUSLIFE","Largecap","Healthcare"
"14-05-2026","SOBHA","Midcap","Realty"
"14-05-2026","AIIL","Largecap","Financials"
"14-05-2026","ENDURANCE","Largecap","Auto"
"14-05-2026","VBL","Largecap","FMCG"
"14-05-2026","LAURUSLABS","Largecap","Healthcare"
"14-05-2026","HDFCAMC","Largecap","Financials"
"14-05-2026","360ONE","Largecap","Financials"
"14-05-2026","GLAND","Largecap","Healthcare"
"14-05-2026","RRKABEL","Largecap","Industrials"
"15-05-2026","CHAMBLFERT","Midcap","Chemicals"
"15-05-2026","CARBORUNIV","Largecap","Industrials"
"15-05-2026","BIOCON","Largecap","Healthcare"
"15-05-2026","KIRLOSENG","Largecap","Industrials"
"15-05-2026","TRITURBINE","Midcap","Industrials"
"15-05-2026","ENDURANCE","Largecap","Auto"
"15-05-2026","CHALET","Midcap","Services"
"15-05-2026","BIKAJI","Midcap","FMCG"
"18-05-2026","BAJFINANCE","Largecap","Financials"
"18-05-2026","CHAMBLFERT","Midcap","Chemicals"
"18-05-2026","GESHIP","Largecap","Transportation"
"18-05-2026","IPCALAB","Largecap","Healthcare"
"18-05-2026","SUNPHARMA","Largecap","Healthcare"
"18-05-2026","JUBLPHARMA","Midcap","Healthcare"
"18-05-2026","COFORGE","Largecap","I.T"
"18-05-2026","TECHM","Largecap","I.T"
"18-05-2026","LALPATHLAB","Largecap","Healthcare"
"18-05-2026","VBL","Largecap","FMCG"
"18-05-2026","ASTERDM","Largecap","Healthcare"
"18-05-2026","CHALET","Midcap","Services"
"18-05-2026","360ONE","Largecap","Financials"
"18-05-2026","GLAND","Largecap","Healthcare"
"18-05-2026","TATATECH","Largecap","I.T"
"18-05-2026","BHARTIHEXA","Largecap","Telecom-Service"
"18-05-2026","IKS","Largecap","I.T"
"18-05-2026","HEXT","Smallcap",""
"19-05-2026","VTL","Midcap","Textiles"
"19-05-2026","GABRIEL","Largecap","Auto"
"19-05-2026","ZYDUSWELL","Midcap","FMCG"
"19-05-2026","GRANULES","Largecap","Healthcare"
"19-05-2026","TRITURBINE","Midcap","Industrials"
"19-05-2026","LALPATHLAB","Largecap","Healthcare"
"19-05-2026","SUMICHEM","Largecap","Chemicals"
"19-05-2026","GLAND","Largecap","Healthcare"
"19-05-2026","ACUTAAS","Largecap","Healthcare"
"19-05-2026","STARHEALTH","Largecap","Financials"
"19-05-2026","TATATECH","Largecap","I.T"
"19-05-2026","HEXT","Smallcap",""
"20-05-2026","CGPOWER","Largecap","Industrials"
"20-05-2026","GRASIM","Largecap","Textiles"
"20-05-2026","TATACOMM","Largecap","Telecom-Service"
"20-05-2026","BHARATFORG","Largecap","Industrials"
"20-05-2026","WELCORP","Largecap","Industrials"
"20-05-2026","JBMA","Midcap","Auto"
"20-05-2026","ACE","Midcap","Industrials"
"20-05-2026","FORTIS","Largecap","Healthcare"
"20-05-2026","TITAGARH","Midcap","Industrials"
"20-05-2026","TRITURBINE","Midcap","Industrials"
"20-05-2026","AIIL","Largecap","Financials"
"20-05-2026","ERIS","Midcap","Healthcare"
"20-05-2026","NAM-INDIA","Largecap","Financials"
"20-05-2026","ASTERDM","Largecap","Healthcare"
"20-05-2026","360ONE","Largecap","Financials"
"20-05-2026","KIMS","Largecap","Healthcare"
"20-05-2026","POLICYBZR","Largecap","I.T"
"20-05-2026","PAYTM","Largecap","I.T"
"20-05-2026","TENNIND","Largecap","Auto"
"21-05-2026","TATACOMM","Largecap","Telecom-Service"
"21-05-2026","DEEPAKFERT","Midcap","Chemicals"
"21-05-2026","AUROPHARMA","Largecap","Healthcare"
"21-05-2026","POLYMED","Midcap","Healthcare"
"21-05-2026","TRITURBINE","Midcap","Industrials"
"21-05-2026","AIIL","Largecap","Financials"
"21-05-2026","TECHNOE","Midcap","Realty"
"21-05-2026","GLAND","Largecap","Healthcare"
"21-05-2026","IGIL","Midcap","Miscellaneous"
"22-05-2026","TATACOMM","Largecap","Telecom-Service"
"22-05-2026","DEEPAKFERT","Midcap","Chemicals"
"22-05-2026","ELECON","Midcap","Industrials"
"22-05-2026","MINDACORP","Midcap","Auto"
"22-05-2026","ENDURANCE","Largecap","Auto"
"22-05-2026","VBL","Largecap","FMCG"
"22-05-2026","AAVAS","Midcap","Financials"
"22-05-2026","HEXT","Smallcap",""
"25-05-2026","ARE&M","Midcap","Auto"
"25-05-2026","APOLLOTYRE","Largecap","Auto"
"25-05-2026","ADANIENT","Largecap","Services"
"25-05-2026","WOCKPHARMA","Largecap","Healthcare"
"25-05-2026","ZYDUSLIFE","Largecap","Healthcare"
"25-05-2026","IIFL","Largecap","Financials"
"25-05-2026","TITAGARH","Midcap","Industrials"
"25-05-2026","ADANIGREEN","Largecap","Power & Utilities"
"25-05-2026","TECHNOE","Midcap","Realty"
"25-05-2026","360ONE","Largecap","Financials"
"25-05-2026","BLUEJET","Midcap","Healthcare"
"26-05-2026","CHAMBLFERT","Midcap","Chemicals"
"26-05-2026","EXIDEIND","Largecap","Auto"
"26-05-2026","HINDZINC","Largecap","Metals & Mining"
"26-05-2026","TATACOMM","Largecap","Telecom-Service"
"26-05-2026","TMPV","Largecap","Auto"
"26-05-2026","CEMPRO","Largecap","Realty"
"26-05-2026","ADANIENT","Largecap","Services"
"26-05-2026","ASAHIINDIA","Largecap","Building Materials"
"26-05-2026","TEJASNET","Midcap","Telecom"
"26-05-2026","ADANIGREEN","Largecap","Power & Utilities"
"26-05-2026","ATGL","Largecap","Energy"
"26-05-2026","SONACOMS","Largecap","Auto"
"26-05-2026","VIJAYA","Midcap","Healthcare"
"26-05-2026","LICI","Largecap","Financials"
"26-05-2026","TATATECH","Largecap","I.T"
"27-05-2026","ARE&M","Midcap","Auto"
"27-05-2026","EXIDEIND","Largecap","Auto"
"27-05-2026","CGPOWER","Largecap","Industrials"
"27-05-2026","CHENNPETRO","Largecap","Energy"
"27-05-2026","FINCABLES","Largecap","Industrials"
"27-05-2026","HINDALCO","Largecap","Metals & Mining"
"27-05-2026","TMPV","Largecap","Auto"
"27-05-2026","CEMPRO","Largecap","Realty"
"27-05-2026","USHAMART","Midcap","Metals & Mining"
"27-05-2026","WELCORP","Largecap","Industrials"
"27-05-2026","SAREGAMA","Midcap","Media"
"27-05-2026","NATIONALUM","Largecap","Metals & Mining"
"27-05-2026","WOCKPHARMA","Largecap","Healthcare"
"27-05-2026","TITAGARH","Midcap","Industrials"
"27-05-2026","JSWENERGY","Largecap","Power & Utilities"
"27-05-2026","KIRLOSENG","Largecap","Industrials"
"27-05-2026","MINDACORP","Midcap","Auto"
"27-05-2026","ATGL","Largecap","Energy"
"27-05-2026","SUMICHEM","Largecap","Chemicals"
"27-05-2026","SONACOMS","Largecap","Auto"
"27-05-2026","KIMS","Largecap","Healthcare"
"27-05-2026","HONASA","Midcap","Services"
"27-05-2026","PREMIERENE","Largecap","Services"
"29-05-2026","CEMPRO","Largecap","Realty"
"29-05-2026","ZYDUSWELL","Midcap","FMCG"
"29-05-2026","WOCKPHARMA","Largecap","Healthcare"
"29-05-2026","KIRLOSENG","Largecap","Industrials"
"29-05-2026","TEJASNET","Midcap","Telecom"
"29-05-2026","VIJAYA","Midcap","Healthcare"
"29-05-2026","TEGA","Midcap","Industrials"
"01-06-2026","TECHM","Largecap","I.T"
"01-06-2026","TEGA","Midcap","Industrials"
"02-06-2026","EXIDEIND","Largecap","Auto"
"02-06-2026","BHEL","Largecap","Industrials"
"02-06-2026","CHENNPETRO","Largecap","Energy"
"02-06-2026","INFY","Largecap","I.T"
"02-06-2026","TMPV","Largecap","Auto"
"02-06-2026","APOLLOTYRE","Largecap","Auto"
"02-06-2026","BBTC","Midcap","Auto"
"02-06-2026","ZENSARTECH","Midcap","I.T"
"02-06-2026","ADANIENT","Largecap","Services"
"02-06-2026","HCLTECH","Largecap","I.T"
"02-06-2026","OLECTRA","Midcap","Auto"
"02-06-2026","IIFL","Largecap","Financials"
"02-06-2026","DLF","Largecap","Realty"
"02-06-2026","KPRMILL","Largecap","Consumer Discretionary"
"02-06-2026","ADANIPORTS","Largecap","Transportation"
"02-06-2026","TITAGARH","Midcap","Industrials"
"02-06-2026","JSWENERGY","Largecap","Power & Utilities"
"02-06-2026","ZENTEC","Midcap","Aerospace & Defence"
"02-06-2026","NH","Largecap","Healthcare"
"02-06-2026","NEWGEN","Midcap","I.T"
"02-06-2026","TATATECH","Largecap","I.T"
"02-06-2026","PREMIERENE","Largecap","Services"
"02-06-2026","HEXT","Smallcap",""
"03-06-2026","TMPV","Largecap","Auto"
"03-06-2026","ELGIEQUIP","Midcap","Industrials"
"03-06-2026","CHOICEIN","Midcap","Financials"
"03-06-2026","WELCORP","Largecap","Industrials"
"03-06-2026","WOCKPHARMA","Largecap","Healthcare"
"03-06-2026","OLECTRA","Midcap","Auto"
"03-06-2026","JBMA","Midcap","Auto"
"03-06-2026","INDIANB","Largecap","Bank"
"03-06-2026","KPRMILL","Largecap","Consumer Discretionary"
"03-06-2026","RHIM","Midcap","Building Materials"
"03-06-2026","NH","Largecap","Healthcare"
"03-06-2026","TEJASNET","Midcap","Telecom"
"03-06-2026","CARTRADE","Midcap","Consumer Discretionary"
"03-06-2026","RAINBOW","Midcap","Healthcare"
"03-06-2026","RRKABEL","Largecap","Industrials"
"03-06-2026","IKS","Largecap","I.T"
"03-06-2026","ATHERENERG","Largecap","Auto"
"03-06-2026","THELEELA","Midcap","Services"
"04-06-2026","CGPOWER","Largecap","Industrials"
"04-06-2026","HSCL","Largecap","Chemicals"
"04-06-2026","TATACOMM","Largecap","Telecom-Service"
"04-06-2026","VTL","Midcap","Textiles"
"04-06-2026","CEMPRO","Largecap","Realty"
"04-06-2026","ANANTRAJ","Largecap","Realty"
"04-06-2026","USHAMART","Midcap","Metals & Mining"
"04-06-2026","ELGIEQUIP","Midcap","Industrials"
"04-06-2026","CAPLIPOINT","Largecap","Healthcare"
"04-06-2026","MPHASIS","Largecap","I.T"
"04-06-2026","IIFL","Largecap","Financials"
"04-06-2026","KPRMILL","Largecap","Consumer Discretionary"
"04-06-2026","JSWENERGY","Largecap","Power & Utilities"
"04-06-2026","KIRLOSENG","Largecap","Industrials"
"04-06-2026","ZENTEC","Midcap","Aerospace & Defence"
"04-06-2026","PGEL","Midcap","Consumer Discretionary"
"04-06-2026","TRITURBINE","Midcap","Industrials"
"04-06-2026","RHIM","Midcap","Building Materials"
"04-06-2026","LAURUSLABS","Largecap","Healthcare"
"04-06-2026","IRCTC","Largecap","Transportation"
"04-06-2026","VIJAYA","Midcap","Healthcare"
"04-06-2026","MEDANTA","Largecap","Healthcare"
"04-06-2026","RRKABEL","Largecap","Industrials"
"04-06-2026","BLUEJET","Midcap","Healthcare"
"04-06-2026","HONASA","Midcap","Services"
"04-06-2026","TATATECH","Largecap","I.T"
"04-06-2026","HYUNDAI","Largecap","Auto"
"05-06-2026","HSCL","Largecap","Chemicals"
"05-06-2026","ELECON","Midcap","Industrials"
"05-06-2026","SAREGAMA","Midcap","Media"
"05-06-2026","ADANIENSOL","Largecap","Power & Utilities"
"05-06-2026","ADANIGREEN","Largecap","Power & Utilities"
"05-06-2026","GLAND","Largecap","Healthcare"
"05-06-2026","KIMS","Largecap","Healthcare"
"05-06-2026","TATATECH","Largecap","I.T"
"05-06-2026","ACMESOLAR","Largecap","Realty"
"05-06-2026","ATHERENERG","Largecap","Auto"
"08-06-2026","DEEPAKFERT","Midcap","Chemicals"
"08-06-2026","CCL","Midcap","FMCG"
"08-06-2026","CAPLIPOINT","Largecap","Healthcare"
"08-06-2026","ZYDUSWELL","Midcap","FMCG"
"08-06-2026","FORTIS","Largecap","Healthcare"
"08-06-2026","CARTRADE","Midcap","Consumer Discretionary"
"09-06-2026","AEGISLOG","Largecap","Services"
"09-06-2026","CHENNPETRO","Largecap","Energy"
"09-06-2026","TATACOMM","Largecap","Telecom-Service"
"09-06-2026","DEEPAKFERT","Midcap","Chemicals"
"09-06-2026","CEMPRO","Largecap","Realty"
"09-06-2026","CAPLIPOINT","Largecap","Healthcare"
"09-06-2026","WELCORP","Largecap","Industrials"
"09-06-2026","OLECTRA","Midcap","Auto"
"09-06-2026","UNOMINDA","Largecap","Auto"
"09-06-2026","INDIANB","Largecap","Bank"
"09-06-2026","INTELLECT","Midcap","I.T"
"09-06-2026","RBLBANK","Largecap","Bank"
"09-06-2026","CARTRADE","Midcap","Consumer Discretionary"
"09-06-2026","SYRMA","Largecap","Consumer Discretionary"
"09-06-2026","CONCORDBIO","Midcap","Healthcare"
"09-06-2026","SAILIFE","Largecap","Healthcare"
"09-06-2026","IGIL","Midcap","Miscellaneous"
"10-06-2026","CHAMBLFERT","Midcap","Chemicals"
"10-06-2026","HSCL","Largecap","Chemicals"
"10-06-2026","BHARATFORG","Largecap","Industrials"
"10-06-2026","TEJASNET","Midcap","Telecom"
"10-06-2026","CARTRADE","Midcap","Consumer Discretionary"
"10-06-2026","ABSLAMC","Largecap","Financials"
"10-06-2026","CONCORDBIO","Midcap","Healthcare"
"10-06-2026","TRAVELFOOD","Midcap","Consumer Discretionary"
"11-06-2026","AEGISLOG","Largecap","Services"
"11-06-2026","CHOICEIN","Midcap","Financials"
"11-06-2026","SAREGAMA","Midcap","Media"
"11-06-2026","TEJASNET","Midcap","Telecom"
"11-06-2026","BLUEJET","Midcap","Healthcare"
"11-06-2026","DOMS","Midcap","Miscellaneous"
"11-06-2026","TBOTEK","Midcap","I.T"
"11-06-2026","ABDL","Midcap","FMCG"
"11-06-2026","HYUNDAI","Largecap","Auto"
"12-06-2026","ARE&M","Midcap","Auto"
"12-06-2026","TMPV","Largecap","Auto"
"12-06-2026","APOLLOTYRE","Largecap","Auto"
"12-06-2026","COROMANDEL","Largecap","Chemicals"
"12-06-2026","CANFINHOME","Midcap","Financials"
"12-06-2026","HBLENGINE","Largecap","Auto"
"12-06-2026","JKTYRE","Midcap","Auto"
"12-06-2026","AXISBANK","Largecap","Bank"
"12-06-2026","UBL","Largecap","FMCG"
"12-06-2026","RKFORGE","Midcap","Industrials"
"12-06-2026","JBMA","Midcap","Auto"
"12-06-2026","IIFL","Largecap","Financials"
"12-06-2026","MOTILALOFS","Largecap","Financials"
"12-06-2026","TITAGARH","Midcap","Industrials"
"12-06-2026","KIRLOSENG","Largecap","Industrials"
"12-06-2026","ZENTEC","Midcap","Aerospace & Defence"
"12-06-2026","PGEL","Midcap","Consumer Discretionary"
"12-06-2026","TRITURBINE","Midcap","Industrials"
"12-06-2026","AIIL","Largecap","Financials"
"12-06-2026","CDSL","Largecap","Financials"
"12-06-2026","ERIS","Midcap","Healthcare"
"12-06-2026","LODHA","Largecap","Realty"
"12-06-2026","CLEAN","Midcap","Chemicals"
"12-06-2026","TATATECH","Largecap","I.T"
"12-06-2026","TBOTEK","Midcap","I.T"
"12-06-2026","ABDL","Midcap","FMCG"
"12-06-2026","THELEELA","Midcap","Services"
"12-06-2026","PIRAMALFIN","Smallcap",""
"15-06-2026","AEGISLOG","Largecap","Services"
"15-06-2026","CHENNPETRO","Largecap","Energy"
"15-06-2026","BHARATFORG","Largecap","Industrials"
"15-06-2026","APOLLOTYRE","Largecap","Auto"
"15-06-2026","VTL","Midcap","Textiles"
"15-06-2026","COROMANDEL","Largecap","Chemicals"
"15-06-2026","AARTIIND","Midcap","Chemicals"
"15-06-2026","MOTILALOFS","Largecap","Financials"
"15-06-2026","KALYANKJIL","Largecap","Consumer Discretionary"
"15-06-2026","ABSLAMC","Largecap","Financials"
"15-06-2026","RAINBOW","Midcap","Healthcare"
"15-06-2026","THELEELA","Midcap","Services"
"15-06-2026","HDBFS","Largecap","Financials"
"16-06-2026","ABREL","Midcap","Realty"
"16-06-2026","COROMANDEL","Largecap","Chemicals"
"16-06-2026","KPIL","Largecap","Realty"
"16-06-2026","COFORGE","Largecap","I.T"
"16-06-2026","KEC","Midcap","Realty"
"16-06-2026","DLF","Largecap","Realty"
"16-06-2026","BRIGADE","Largecap","Realty"
"16-06-2026","TITAGARH","Midcap","Industrials"
"16-06-2026","ZENTEC","Midcap","Aerospace & Defence"
"16-06-2026","PGEL","Midcap","Consumer Discretionary"
"16-06-2026","FACT","Largecap","Chemicals"
"16-06-2026","DOMS","Midcap","Miscellaneous"
"16-06-2026","PREMIERENE","Largecap","Services"
"17-06-2026","BLUESTARCO","Largecap","Consumer Discretionary"
"17-06-2026","CGPOWER","Largecap","Industrials"
"17-06-2026","WOCKPHARMA","Largecap","Healthcare"
"17-06-2026","OLECTRA","Midcap","Auto"
"17-06-2026","GALLANTT","Midcap","Metals & Mining"
"17-06-2026","INDIANB","Largecap","Bank"
"17-06-2026","TITAGARH","Midcap","Industrials"
"17-06-2026","OBEROIRLTY","Largecap","Realty"
"17-06-2026","KIRLOSENG","Largecap","Industrials"
"17-06-2026","PGEL","Midcap","Consumer Discretionary"
"17-06-2026","CDSL","Largecap","Financials"
"17-06-2026","AAVAS","Midcap","Financials"
"17-06-2026","GRSE","Largecap","Aerospace & Defence"
"17-06-2026","CHALET","Midcap","Services"
"17-06-2026","MAZDOCK","Largecap","Aerospace & Defence"
"17-06-2026","CARTRADE","Midcap","Consumer Discretionary"
"17-06-2026","FIVESTAR","Midcap","Financials"
"18-06-2026","BATAINDIA","Midcap","Consumer Discretionary"
"18-06-2026","VTL","Midcap","Textiles"
"18-06-2026","COROMANDEL","Largecap","Chemicals"
"18-06-2026","DEEPAKNTR","Largecap","Chemicals"
"18-06-2026","OLECTRA","Midcap","Auto"
"18-06-2026","GALLANTT","Midcap","Metals & Mining"
"18-06-2026","TORNTPOWER","Largecap","Power & Utilities"
"18-06-2026","DLF","Largecap","Realty"
"18-06-2026","KPRMILL","Largecap","Consumer Discretionary"
"18-06-2026","GRAVITA","Midcap","Metals & Mining"
"18-06-2026","MAXHEALTH","Largecap","Healthcare"
"18-06-2026","CAMS","Midcap","Financials"
"18-06-2026","ABSLAMC","Largecap","Financials"
"18-06-2026","STARHEALTH","Largecap","Financials"
"18-06-2026","SYRMA","Largecap","Consumer Discretionary"
"18-06-2026","FIVESTAR","Midcap","Financials"
"19-06-2026","LUPIN","Largecap","Healthcare"
"19-06-2026","SPLPETRO","Midcap","Energy"
"19-06-2026","TATACOMM","Largecap","Telecom-Service"
"19-06-2026","INDHOTEL","Largecap","Services"
"19-06-2026","GABRIEL","Largecap","Auto"
"19-06-2026","BERGEPAINT","Largecap","Building Materials"
"19-06-2026","CEMPRO","Largecap","Realty"
"19-06-2026","NAVA","Midcap","Miscellaneous"
"19-06-2026","POONAWALLA","Largecap","Financials"
"19-06-2026","CAPLIPOINT","Largecap","Healthcare"
"19-06-2026","EMAMILTD","Midcap","FMCG"
"19-06-2026","WELCORP","Largecap","Industrials"
"19-06-2026","OLECTRA","Midcap","Auto"
"19-06-2026","BHARTIARTL","Largecap","Telecom-Service"
"19-06-2026","JBMA","Midcap","Auto"
"19-06-2026","KEC","Midcap","Realty"
"19-06-2026","TARIL","Midcap","Industrials"
"19-06-2026","ZENTEC","Midcap","Aerospace & Defence"
"19-06-2026","RHIM","Midcap","Building Materials"
"19-06-2026","RBLBANK","Largecap","Bank"
"19-06-2026","TEJASNET","Midcap","Telecom"
"19-06-2026","NEWGEN","Midcap","I.T"
"19-06-2026","BDL","Largecap","Aerospace & Defence"
"19-06-2026","CHALET","Midcap","Services"
"19-06-2026","VIJAYA","Midcap","Healthcare"
"19-06-2026","ANANDRATHI","Largecap","Financials"
"19-06-2026","HONASA","Midcap","Services"
"19-06-2026","JYOTICNC","Largecap","Industrials"
"19-06-2026","INDGN","Midcap","Healthcare"
"19-06-2026","AADHARHFC","Largecap","Financials"
"19-06-2026","TBOTEK","Midcap","I.T"
"19-06-2026","PREMIERENE","Largecap","Services"
"19-06-2026","THELEELA","Midcap","Services"
"19-06-2026","HDBFS","Largecap","Financials"
"19-06-2026","TATACAP","Largecap","Financials"
"19-06-2026","PIRAMALFIN","Smallcap",""
"22-06-2026","AEGISLOG","Largecap","Services"
"22-06-2026","BHARATFORG","Largecap","Industrials"
"22-06-2026","ESCORTS","Largecap","Auto"
"22-06-2026","BBTC","Midcap","Auto"
"22-06-2026","KPIL","Largecap","Realty"
"22-06-2026","ZYDUSWELL","Midcap","FMCG"
"22-06-2026","POLYMED","Midcap","Healthcare"
"22-06-2026","UNITDSPR","Largecap","FMCG"
"22-06-2026","PVRINOX","Midcap","Media"
"22-06-2026","GALLANTT","Midcap","Metals & Mining"
"22-06-2026","ACE","Midcap","Industrials"
"22-06-2026","TORNTPOWER","Largecap","Power & Utilities"
"22-06-2026","RECLTD","Largecap","Financials"
"22-06-2026","KIRLOSENG","Largecap","Industrials"
"22-06-2026","TRITURBINE","Midcap","Industrials"
"22-06-2026","MGL","Midcap","Energy"
"22-06-2026","ABCAPITAL","Largecap","Financials"
"22-06-2026","ADANIGREEN","Largecap","Power & Utilities"
"22-06-2026","AAVAS","Midcap","Financials"
"22-06-2026","CHALET","Midcap","Services"
"22-06-2026","DELHIVERY","Largecap","Transportation"
"22-06-2026","MANKIND","Largecap","Healthcare"
"23-06-2026","KAJARIACER","Midcap","Building Materials"
"23-06-2026","BHARATFORG","Largecap","Industrials"
"23-06-2026","AUROPHARMA","Largecap","Healthcare"
"23-06-2026","COHANCE","Midcap","Healthcare"
"23-06-2026","GLAND","Largecap","Healthcare"
"23-06-2026","TENNIND","Largecap","Auto"
"24-06-2026","BAJFINANCE","Largecap","Financials"
"24-06-2026","EXIDEIND","Largecap","Auto"
"24-06-2026","HDFCBANK","Largecap","Bank"
"24-06-2026","RAMCOCEM","Largecap","Building Materials"
"24-06-2026","PHOENIXLTD","Largecap","Realty"
"24-06-2026","SRF","Largecap","Chemicals"
"24-06-2026","GABRIEL","Largecap","Auto"
"24-06-2026","SHRIRAMFIN","Largecap","Financials"
"24-06-2026","CHOLAFIN","Largecap","Financials"
"24-06-2026","ICICIBANK","Largecap","Bank"
"24-06-2026","INDUSINDBK","Largecap","Bank"
"24-06-2026","AXISBANK","Largecap","Bank"
"24-06-2026","UNITDSPR","Largecap","FMCG"
"24-06-2026","PVRINOX","Midcap","Media"
"24-06-2026","ADANIPORTS","Largecap","Transportation"
"24-06-2026","BRIGADE","Largecap","Realty"
"24-06-2026","OBEROIRLTY","Largecap","Realty"
"24-06-2026","KIRLOSENG","Largecap","Industrials"
"24-06-2026","PNBHOUSING","Largecap","Financials"
"24-06-2026","AUBANK","Largecap","Bank"
"24-06-2026","ABCAPITAL","Largecap","Financials"
"24-06-2026","CREDITACC","Largecap","Financials"
"24-06-2026","HOMEFIRST","Midcap","Financials"
"24-06-2026","SYRMA","Largecap","Consumer Discretionary"
"24-06-2026","RRKABEL","Largecap","Industrials"
"24-06-2026","JYOTICNC","Largecap","Industrials"
"24-06-2026","AADHARHFC","Largecap","Financials"
"25-06-2026","AEGISLOG","Largecap","Services"
"25-06-2026","ASAHIINDIA","Largecap","Building Materials"
"25-06-2026","POONAWALLA","Largecap","Financials"
"25-06-2026","WELCORP","Largecap","Industrials"
"25-06-2026","SAREGAMA","Midcap","Media"
"25-06-2026","MAXHEALTH","Largecap","Healthcare"
"25-06-2026","HOMEFIRST","Midcap","Financials"
"25-06-2026","CARTRADE","Midcap","Consumer Discretionary"
"25-06-2026","VIJAYA","Midcap","Healthcare"
"25-06-2026","ANANDRATHI","Largecap","Financials"
"25-06-2026","RRKABEL","Largecap","Industrials"
"25-06-2026","TMCV","Largecap","Auto"
"29-06-2026","AEGISLOG","Largecap","Services"
"29-06-2026","BHEL","Largecap","Industrials"
"29-06-2026","FINCABLES","Largecap","Industrials"
"29-06-2026","LICHSGFIN","Largecap","Financials"
"29-06-2026","LUPIN","Largecap","Healthcare"
"29-06-2026","GESHIP","Largecap","Transportation"
"29-06-2026","GABRIEL","Largecap","Auto"
"29-06-2026","CARBORUNIV","Largecap","Industrials"
"29-06-2026","ZYDUSWELL","Midcap","FMCG"
"29-06-2026","WELCORP","Largecap","Industrials"
"29-06-2026","SAREGAMA","Midcap","Media"
"29-06-2026","MCX","Largecap","Financials"
"29-06-2026","SCHNEIDER","Largecap","Industrials"
"29-06-2026","NAM-INDIA","Largecap","Financials"
"29-06-2026","MAXHEALTH","Largecap","Healthcare"
"29-06-2026","GLAND","Largecap","Healthcare"
"29-06-2026","ANANDRATHI","Largecap","Financials"
"29-06-2026","HONASA","Midcap","Services"
"29-06-2026","ABDL","Midcap","FMCG"
"29-06-2026","ACMESOLAR","Largecap","Realty"
"29-06-2026","ATHERENERG","Largecap","Auto"
"29-06-2026","HDBFS","Largecap","Financials"
"29-06-2026","TATACAP","Largecap","Financials"
"30-06-2026","BAJFINANCE","Largecap","Financials"
"30-06-2026","BALRAMCHIN","Midcap","FMCG"
"30-06-2026","BHARATFORG","Largecap","Industrials"
"30-06-2026","GLAXO","Largecap","Healthcare"
"30-06-2026","CEMPRO","Largecap","Realty"
"30-06-2026","HBLENGINE","Largecap","Auto"
"30-06-2026","ACE","Midcap","Industrials"
"30-06-2026","KPRMILL","Largecap","Consumer Discretionary"
"30-06-2026","TARIL","Midcap","Industrials"
"30-06-2026","MINDACORP","Midcap","Auto"
"30-06-2026","CREDITACC","Largecap","Financials"
"30-06-2026","GLAND","Largecap","Healthcare"
"30-06-2026","FIVESTAR","Midcap","Financials"
"30-06-2026","MANKIND","Largecap","Healthcare"
"30-06-2026","HONASA","Midcap","Services"
"30-06-2026","ATHERENERG","Largecap","Auto"
"01-07-2026","AEGISLOG","Largecap","Services"
"01-07-2026","ABREL","Midcap","Realty"
"01-07-2026","CGPOWER","Largecap","Industrials"
"01-07-2026","DABUR","Largecap","FMCG"
"01-07-2026","GODREJIND","Largecap","Chemicals"
"01-07-2026","DEEPAKFERT","Midcap","Chemicals"
"01-07-2026","NESTLEIND","Largecap","FMCG"
"01-07-2026","PHOENIXLTD","Largecap","Realty"
"01-07-2026","CEMPRO","Largecap","Realty"
"01-07-2026","DLF","Largecap","Realty"
"01-07-2026","RECLTD","Largecap","Financials"
"01-07-2026","BAJAJFINSV","Largecap","Financials"
"01-07-2026","GODREJPROP","Largecap","Realty"
"01-07-2026","OBEROIRLTY","Largecap","Realty"
"01-07-2026","PRESTIGE","Largecap","Realty"
"01-07-2026","PGEL","Midcap","Consumer Discretionary"
"01-07-2026","RHIM","Midcap","Building Materials"
"01-07-2026","MCX","Largecap","Financials"
"01-07-2026","NAM-INDIA","Largecap","Financials"
"01-07-2026","HDFCAMC","Largecap","Financials"
"01-07-2026","HOMEFIRST","Midcap","Financials"
"01-07-2026","LODHA","Largecap","Realty"
"01-07-2026","CARTRADE","Midcap","Consumer Discretionary"
"01-07-2026","POLICYBZR","Largecap","I.T"
"01-07-2026","PAYTM","Largecap","I.T"
"01-07-2026","BLUEJET","Midcap","Healthcare"
"01-07-2026","TBOTEK","Midcap","I.T"
"01-07-2026","ACMESOLAR","Largecap","Realty"
"01-07-2026","IKS","Largecap","I.T"
"01-07-2026","HEXT","Smallcap",""
"01-07-2026","LENSKART","Largecap","FMCG"
"01-07-2026","EMMVEE","Largecap","Industrials"
"02-07-2026","AEGISLOG","Largecap","Services"
"02-07-2026","BALRAMCHIN","Midcap","FMCG"
"02-07-2026","EXIDEIND","Largecap","Auto"
"02-07-2026","DEEPAKFERT","Midcap","Chemicals"
"02-07-2026","APOLLOTYRE","Largecap","Auto"
"02-07-2026","BALKRISIND","Largecap","Auto"
"02-07-2026","SRF","Largecap","Chemicals"
"02-07-2026","ZENSARTECH","Midcap","I.T"
"02-07-2026","CEMPRO","Largecap","Realty"
"02-07-2026","POONAWALLA","Largecap","Financials"
"02-07-2026","INDIACEM","Midcap","Building Materials"
"02-07-2026","JKTYRE","Midcap","Auto"
"02-07-2026","ZYDUSWELL","Midcap","FMCG"
"02-07-2026","POLYMED","Midcap","Healthcare"
"02-07-2026","CIEINDIA","Midcap","Industrials"
"02-07-2026","BAJAJFINSV","Largecap","Financials"
"02-07-2026","OBEROIRLTY","Largecap","Realty"
"02-07-2026","PRESTIGE","Largecap","Realty"
"02-07-2026","GRAVITA","Midcap","Metals & Mining"
"02-07-2026","DALBHARAT","Largecap","Building Materials"
"02-07-2026","SCHNEIDER","Largecap","Industrials"
"02-07-2026","ENDURANCE","Largecap","Auto"
"02-07-2026","LAURUSLABS","Largecap","Healthcare"
"02-07-2026","CREDITACC","Largecap","Financials"
"02-07-2026","JUBLINGREA","Midcap","Chemicals"
"02-07-2026","SONACOMS","Largecap","Auto"
"02-07-2026","VIJAYA","Midcap","Healthcare"
"02-07-2026","ABSLAMC","Largecap","Financials"
"02-07-2026","MAPMYINDIA","Smallcap","I.T"
"02-07-2026","FIVESTAR","Midcap","Financials"
"02-07-2026","TATATECH","Largecap","I.T"
"02-07-2026","AADHARHFC","Largecap","Financials"
"02-07-2026","EMMVEE","Largecap","Industrials"
"03-07-2026","AEGISLOG","Largecap","Services"
"03-07-2026","LUPIN","Largecap","Healthcare"
"03-07-2026","ACC","Largecap","Building Materials"
"03-07-2026","AMBUJACEM","Largecap","Building Materials"
"03-07-2026","ZENSARTECH","Midcap","I.T"
"03-07-2026","ANANTRAJ","Largecap","Realty"
"03-07-2026","IPCALAB","Largecap","Healthcare"
"03-07-2026","AUROPHARMA","Largecap","Healthcare"
"03-07-2026","INDUSINDBK","Largecap","Bank"
"03-07-2026","DLF","Largecap","Realty"
"03-07-2026","ECLERX","Midcap","I.T"
"03-07-2026","OBEROIRLTY","Largecap","Realty"
"03-07-2026","SUMICHEM","Largecap","Chemicals"
"03-07-2026","LODHA","Largecap","Realty"
"03-07-2026","AADHARHFC","Largecap","Financials"
"06-07-2026","AEGISLOG","Largecap","Services"
"06-07-2026","EIDPARRY","Midcap","FMCG"
"06-07-2026","HDFCBANK","Largecap","Bank"
"06-07-2026","PHOENIXLTD","Largecap","Realty"
"06-07-2026","GABRIEL","Largecap","Auto"
"06-07-2026","CEMPRO","Largecap","Realty"
"06-07-2026","CHOLAFIN","Largecap","Financials"
"06-07-2026","POONAWALLA","Largecap","Financials"
"06-07-2026","CAPLIPOINT","Largecap","Healthcare"
"06-07-2026","WELCORP","Largecap","Industrials"
"06-07-2026","INDUSINDBK","Largecap","Bank"
"06-07-2026","GLENMARK","Largecap","Healthcare"
"06-07-2026","UNITDSPR","Largecap","FMCG"
"06-07-2026","BRIGADE","Largecap","Realty"
"06-07-2026","GODREJPROP","Largecap","Realty"
"06-07-2026","GRAVITA","Midcap","Metals & Mining"
"06-07-2026","ZENTEC","Midcap","Aerospace & Defence"
"06-07-2026","PGEL","Midcap","Consumer Discretionary"
"06-07-2026","LALPATHLAB","Largecap","Healthcare"
"06-07-2026","PNBHOUSING","Largecap","Financials"
"06-07-2026","ERIS","Midcap","Healthcare"
"06-07-2026","CREDITACC","Largecap","Financials"
"06-07-2026","JUBLINGREA","Midcap","Chemicals"
"06-07-2026","LODHA","Largecap","Realty"
"06-07-2026","CLEAN","Midcap","Chemicals"
"06-07-2026","ABDL","Midcap","FMCG"
"06-07-2026","THELEELA","Midcap","Services"
"07-07-2026","TATACHEM","Midcap","Chemicals"
"07-07-2026","NATCOPHARM","Midcap","Healthcare"
"07-07-2026","NAUKRI","Largecap","I.T"
"07-07-2026","JUBLFOOD","Largecap","Consumer Discretionary"
"07-07-2026","RBLBANK","Largecap","Bank"
"07-07-2026","PNBHOUSING","Largecap","Financials"
"07-07-2026","SBILIFE","Largecap","Financials"
"07-07-2026","GLAND","Largecap","Healthcare"
"07-07-2026","CLEAN","Midcap","Chemicals"
"07-07-2026","PAYTM","Largecap","I.T"
"07-07-2026","NUVAMA","Largecap","Financials"
"07-07-2026","IKS","Largecap","I.T"
"08-07-2026","ATHERENERG","Largecap","Auto"
"09-07-2026","AEGISLOG","Largecap","Services"
"09-07-2026","ABREL","Midcap","Realty"
"09-07-2026","CANFINHOME","Midcap","Financials"
"09-07-2026","ANANTRAJ","Largecap","Realty"
"09-07-2026","SUNPHARMA","Largecap","Healthcare"
"09-07-2026","CAPLIPOINT","Largecap","Healthcare"
"09-07-2026","CHOICEIN","Midcap","Financials"
"09-07-2026","WELCORP","Largecap","Industrials"
"09-07-2026","SAREGAMA","Midcap","Media"
"09-07-2026","LTFOODS","Midcap","FMCG"
"09-07-2026","MOTILALOFS","Largecap","Financials"
"09-07-2026","ECLERX","Midcap","I.T"
"09-07-2026","PRESTIGE","Largecap","Realty"
"09-07-2026","GRAVITA","Midcap","Metals & Mining"
"09-07-2026","KIRLOSENG","Largecap","Industrials"
"09-07-2026","PGEL","Midcap","Consumer Discretionary"
"09-07-2026","MINDACORP","Midcap","Auto"
"09-07-2026","LAURUSLABS","Largecap","Healthcare"
"09-07-2026","NAM-INDIA","Largecap","Financials"
"09-07-2026","CHALET","Midcap","Services"
"09-07-2026","KALYANKJIL","Largecap","Consumer Discretionary"
"09-07-2026","LODHA","Largecap","Realty"
"09-07-2026","VIJAYA","Midcap","Healthcare"
"09-07-2026","PAYTM","Largecap","I.T"
"09-07-2026","STARHEALTH","Largecap","Financials"
"09-07-2026","MAPMYINDIA","Smallcap","I.T"
"09-07-2026","SYRMA","Largecap","Consumer Discretionary"
"09-07-2026","MEDANTA","Largecap","Healthcare"
"09-07-2026","FIVESTAR","Midcap","Financials"
"09-07-2026","NUVAMA","Largecap","Financials"
"09-07-2026","BHARTIHEXA","Largecap","Telecom-Service"
"09-07-2026","PREMIERENE","Largecap","Services"
"09-07-2026","SAILIFE","Largecap","Healthcare"
"09-07-2026","THELEELA","Midcap","Services"
"09-07-2026","TATACAP","Largecap","Financials"
"10-07-2026","ARE&M","Midcap","Auto"
"10-07-2026","CHENNPETRO","Largecap","Energy"
"10-07-2026","GODREJIND","Largecap","Chemicals"
"10-07-2026","INDHOTEL","Largecap","Services"
"10-07-2026","PHOENIXLTD","Largecap","Realty"
"10-07-2026","ZENSARTECH","Midcap","I.T"
"10-07-2026","NATCOPHARM","Midcap","Healthcare"
"10-07-2026","ZYDUSWELL","Midcap","FMCG"
"10-07-2026","BIOCON","Largecap","Healthcare"
"10-07-2026","SOBHA","Midcap","Realty"
"10-07-2026","DLF","Largecap","Realty"
"10-07-2026","MOTILALOFS","Largecap","Financials"
"10-07-2026","ECLERX","Midcap","I.T"
"10-07-2026","BRIGADE","Largecap","Realty"
"10-07-2026","GODREJPROP","Largecap","Realty"
"10-07-2026","OBEROIRLTY","Largecap","Realty"
"10-07-2026","PRESTIGE","Largecap","Realty"
"10-07-2026","RHIM","Midcap","Building Materials"
"10-07-2026","CDSL","Largecap","Financials"
"10-07-2026","NEWGEN","Midcap","I.T"
"10-07-2026","SUMICHEM","Largecap","Chemicals"
"10-07-2026","KALYANKJIL","Largecap","Consumer Discretionary"
"10-07-2026","LODHA","Largecap","Realty"
"10-07-2026","PAYTM","Largecap","I.T"
"10-07-2026","ANANDRATHI","Largecap","Financials"
"10-07-2026","SIGNATURE","Midcap","Realty"
"10-07-2026","BLUEJET","Midcap","Healthcare"
"10-07-2026","JYOTICNC","Largecap","Industrials"
"10-07-2026","IKS","Largecap","I.T"
"10-07-2026","HDBFS","Largecap","Financials"
"13-07-2026","ARE&M","Midcap","Auto"
"13-07-2026","EIDPARRY","Midcap","FMCG"
"13-07-2026","VTL","Midcap","Textiles"
"13-07-2026","ZENSARTECH","Midcap","I.T"
"13-07-2026","SHRIRAMFIN","Largecap","Financials"
"13-07-2026","CCL","Midcap","FMCG"
"13-07-2026","POONAWALLA","Largecap","Financials"
"13-07-2026","IPCALAB","Largecap","Healthcare"
"13-07-2026","MPHASIS","Largecap","I.T"
"13-07-2026","SAREGAMA","Midcap","Media"
"13-07-2026","HCLTECH","Largecap","I.T"
"13-07-2026","PGEL","Midcap","Consumer Discretionary"
"13-07-2026","ERIS","Midcap","Healthcare"
"13-07-2026","NEWGEN","Midcap","I.T"
"13-07-2026","SUMICHEM","Largecap","Chemicals"
"13-07-2026","HOMEFIRST","Midcap","Financials"
"13-07-2026","KALYANKJIL","Largecap","Consumer Discretionary"
"13-07-2026","SHYAMMETL","Largecap","Metals & Mining"
"13-07-2026","ABSLAMC","Largecap","Financials"
"13-07-2026","PAYTM","Largecap","I.T"
"13-07-2026","MAPMYINDIA","Smallcap","I.T"
"13-07-2026","JSWINFRA","Largecap","Transportation"
"13-07-2026","TATATECH","Largecap","I.T"
"14-07-2026","BLUESTARCO","Largecap","Consumer Discretionary"
"14-07-2026","CONCOR","Largecap","Transportation"
"14-07-2026","WELCORP","Largecap","Industrials"
"14-07-2026","BIOCON","Largecap","Healthcare"
"14-07-2026","ECLERX","Midcap","I.T"
"14-07-2026","MCX","Largecap","Financials"
"14-07-2026","SBICARD","Largecap","Financials"
"14-07-2026","BHARTIHEXA","Largecap","Telecom-Service"
"15-07-2026","AEGISLOG","Largecap","Services"
"15-07-2026","BHEL","Largecap","Industrials"
"15-07-2026","CHENNPETRO","Largecap","Energy"
"15-07-2026","GABRIEL","Largecap","Auto"
"15-07-2026","LLOYDSME","Largecap","Metals & Mining"
"15-07-2026","IPCALAB","Largecap","Healthcare"
"15-07-2026","INDIACEM","Midcap","Building Materials"
"15-07-2026","JUBLPHARMA","Midcap","Healthcare"
"15-07-2026","POLYMED","Midcap","Healthcare"
"15-07-2026","DALBHARAT","Largecap","Building Materials"
"15-07-2026","ENDURANCE","Largecap","Auto"
"15-07-2026","AAVAS","Midcap","Financials"
"15-07-2026","KALYANKJIL","Largecap","Consumer Discretionary"
"15-07-2026","NUVOCO","Midcap","Building Materials"
"15-07-2026","ATHERENERG","Largecap","Auto"
"16-07-2026","ABREL","Midcap","Realty"
"16-07-2026","BHEL","Largecap","Industrials"
"16-07-2026","CHENNPETRO","Largecap","Energy"
"16-07-2026","HSCL","Largecap","Chemicals"
"16-07-2026","SRF","Largecap","Chemicals"
"16-07-2026","GRAPHITE","Midcap","Industrials"
"16-07-2026","INDIACEM","Midcap","Building Materials"
"16-07-2026","ZYDUSWELL","Midcap","FMCG"
"16-07-2026","RKFORGE","Midcap","Industrials"
"16-07-2026","IIFL","Largecap","Financials"
"16-07-2026","ECLERX","Midcap","I.T"
"16-07-2026","ERIS","Midcap","Healthcare"
"16-07-2026","JUBLINGREA","Midcap","Chemicals"
"16-07-2026","VIJAYA","Midcap","Healthcare"
"16-07-2026","STARHEALTH","Largecap","Financials"
"16-07-2026","SAILIFE","Largecap","Healthcare"
"16-07-2026","EMMVEE","Largecap","Industrials"
"17-07-2026","EXIDEIND","Largecap","Auto"
"17-07-2026","HSCL","Largecap","Chemicals"
"17-07-2026","COLPAL","Largecap","FMCG"
"17-07-2026","LLOYDSME","Largecap","Metals & Mining"
"17-07-2026","ANANTRAJ","Largecap","Realty"
"17-07-2026","INDIACEM","Midcap","Building Materials"
"17-07-2026","TCS","Largecap","I.T"
"17-07-2026","TECHM","Largecap","I.T"
"17-07-2026","ECLERX","Midcap","I.T"
"17-07-2026","BRIGADE","Largecap","Realty"
"17-07-2026","PRESTIGE","Largecap","Realty"
"17-07-2026","AIIL","Largecap","Financials"
"17-07-2026","CDSL","Largecap","Financials"
"17-07-2026","SBICARD","Largecap","Financials"
"17-07-2026","KALYANKJIL","Largecap","Consumer Discretionary"
"17-07-2026","SONACOMS","Largecap","Auto"
"17-07-2026","IKS","Largecap","I.T"
"17-07-2026","ANTHEM","Largecap","Healthcare"
"20-07-2026","BLUESTARCO","Largecap","Consumer Discretionary"
"20-07-2026","FEDERALBNK","Largecap","Bank"
"20-07-2026","COLPAL","Largecap","FMCG"
"20-07-2026","ASAHIINDIA","Largecap","Building Materials"
"20-07-2026","USHAMART","Midcap","Metals & Mining"
"20-07-2026","CONCOR","Largecap","Transportation"
"20-07-2026","SAREGAMA","Midcap","Media"
"20-07-2026","BHARTIARTL","Largecap","Telecom-Service"
"20-07-2026","INDIANB","Largecap","Bank"
"20-07-2026","OIL","Largecap","Energy"
"20-07-2026","GODREJPROP","Largecap","Realty"
"20-07-2026","SCHNEIDER","Largecap","Industrials"
"20-07-2026","COHANCE","Midcap","Healthcare"
"20-07-2026","FIVESTAR","Midcap","Financials"
"20-07-2026","MANKIND","Largecap","Healthcare"
"20-07-2026","JYOTICNC","Largecap","Industrials"
"21-07-2026","HSCL","Largecap","Chemicals"
"21-07-2026","SPLPETRO","Midcap","Energy"
"21-07-2026","GABRIEL","Largecap","Auto"
"21-07-2026","SHRIRAMFIN","Largecap","Financials"
"21-07-2026","MANAPPURAM","Largecap","Financials"
"21-07-2026","INDUSINDBK","Largecap","Bank"
"21-07-2026","UBL","Largecap","FMCG"
"21-07-2026","GODREJPROP","Largecap","Realty"
"21-07-2026","ZENTEC","Midcap","Aerospace & Defence"
"21-07-2026","LAURUSLABS","Largecap","Healthcare"
"21-07-2026","SONACOMS","Largecap","Auto"
"21-07-2026","TBOTEK","Midcap","I.T"
"22-07-2026","PIDILITIND","Largecap","Chemicals"
"22-07-2026","GLAXO","Largecap","Healthcare"
"22-07-2026","M&MFIN","Largecap","Financials"
"22-07-2026","ECLERX","Midcap","I.T"
"23-07-2026","GRAPHITE","Midcap","Industrials"
"23-07-2026","LLOYDSME","Largecap","Metals & Mining"
"23-07-2026","PIIND","Largecap","Chemicals"
"23-07-2026","TCS","Largecap","I.T"
"24-07-2026","BATAINDIA","Midcap","Consumer Discretionary"
"24-07-2026","BHEL","Largecap","Industrials"
"24-07-2026","VOLTAS","Largecap","Consumer Discretionary"
"24-07-2026","GLAXO","Largecap","Healthcare"
"24-07-2026","ZENSARTECH","Midcap","I.T"
"24-07-2026","LLOYDSME","Largecap","Metals & Mining"
"24-07-2026","ASAHIINDIA","Largecap","Building Materials"
"24-07-2026","MPHASIS","Largecap","I.T"
"24-07-2026","MANAPPURAM","Largecap","Financials"
"24-07-2026","SAREGAMA","Midcap","Media"
"24-07-2026","HCLTECH","Largecap","I.T"
"24-07-2026","PVRINOX","Midcap","Media"
"24-07-2026","ACE","Midcap","Industrials"
"24-07-2026","ASTRAL","Largecap","Plastic products"
"24-07-2026","GRAVITA","Midcap","Metals & Mining"
"24-07-2026","LALPATHLAB","Largecap","Healthcare"
"24-07-2026","KPITTECH","Midcap","I.T"
"24-07-2026","ANURAS","Midcap","Chemicals"
"24-07-2026","RRKABEL","Largecap","Industrials"
"27-07-2026","GODFRYPHLP","Largecap","FMCG"
"27-07-2026","DEEPAKFERT","Midcap","Chemicals"
"27-07-2026","GABRIEL","Largecap","Auto"
"27-07-2026","LLOYDSME","Largecap","Metals & Mining"
"27-07-2026","ANANTRAJ","Largecap","Realty"
"27-07-2026","SUNPHARMA","Largecap","Healthcare"
"27-07-2026","CONCOR","Largecap","Transportation"
"27-07-2026","SAREGAMA","Midcap","Media"
"27-07-2026","JINDALSTEL","Largecap","Metals & Mining"
"27-07-2026","RKFORGE","Midcap","Industrials"
"27-07-2026","PVRINOX","Midcap","Media"
"27-07-2026","PFC","Largecap","Financials"
"27-07-2026","BRIGADE","Largecap","Realty"
"27-07-2026","RECLTD","Largecap","Financials"
"27-07-2026","ENDURANCE","Largecap","Auto"
"27-07-2026","LAURUSLABS","Largecap","Healthcare"
"27-07-2026","CHALET","Midcap","Services"
"27-07-2026","AFFLE","Largecap","I.T"
"27-07-2026","SBICARD","Largecap","Financials"
"27-07-2026","LODHA","Largecap","Realty"
"27-07-2026","CARTRADE","Midcap","Consumer Discretionary"
"27-07-2026","MEDANTA","Largecap","Healthcare"
"27-07-2026","KFINTECH","Midcap","Financials"
"27-07-2026","INDGN","Midcap","Healthcare"
"27-07-2026","TBOTEK","Midcap","I.T"
"27-07-2026","SAILIFE","Largecap","Healthcare"
"27-07-2026","LENSKART","Largecap","FMCG"
"28-07-2026","GLAXO","Largecap","Healthcare"
"28-07-2026","SAREGAMA","Midcap","Media"
"28-07-2026","TCS","Largecap","I.T"
"28-07-2026","COFORGE","Largecap","I.T"
"28-07-2026","M&MFIN","Largecap","Financials"
"28-07-2026","TECHM","Largecap","I.T"
"28-07-2026","ECLERX","Midcap","I.T"
"28-07-2026","LAURUSLABS","Largecap","Healthcare"
"28-07-2026","KPITTECH","Midcap","I.T"
"28-07-2026","AFFLE","Largecap","I.T"
"28-07-2026","KALYANKJIL","Largecap","Consumer Discretionary"
"28-07-2026","LODHA","Largecap","Realty"
"28-07-2026","KFINTECH","Midcap","Financials"
"28-07-2026","MANKIND","Largecap","Healthcare"
"29-07-2026","BLUESTARCO","Largecap","Consumer Discretionary"
"29-07-2026","JSWSTEEL","Largecap","Metals & Mining"
"29-07-2026","PCBL","Midcap","Chemicals"
"29-07-2026","BERGEPAINT","Largecap","Building Materials"
"29-07-2026","GRAPHITE","Midcap","Industrials"
"29-07-2026","LLOYDSME","Largecap","Metals & Mining"
"29-07-2026","INDIACEM","Midcap","Building Materials"
"29-07-2026","MANAPPURAM","Largecap","Financials"
"29-07-2026","ZYDUSWELL","Midcap","FMCG"
"29-07-2026","WELCORP","Largecap","Industrials"
"29-07-2026","JINDALSTEL","Largecap","Metals & Mining"
"29-07-2026","M&MFIN","Largecap","Financials"
"29-07-2026","SUNTV","Midcap","Media"
"29-07-2026","PGEL","Midcap","Consumer Discretionary"
"29-07-2026","LALPATHLAB","Largecap","Healthcare"
"29-07-2026","TEJASNET","Midcap","Telecom"
"29-07-2026","ERIS","Midcap","Healthcare"
"29-07-2026","AFFLE","Largecap","I.T"
"29-07-2026","360ONE","Largecap","Financials"
"29-07-2026","STARHEALTH","Largecap","Financials"
"29-07-2026","MEDANTA","Largecap","Healthcare"
"29-07-2026","CONCORDBIO","Midcap","Healthcare"
"29-07-2026","NUVAMA","Largecap","Financials"
"29-07-2026","BLUEJET","Midcap","Healthcare"
"29-07-2026","BHARTIHEXA","Largecap","Telecom-Service"
"29-07-2026","INDGN","Midcap","Healthcare"
"29-07-2026","HEXT","Smallcap",""
"30-07-2026","ARE&M","Midcap","Auto"
"30-07-2026","EXIDEIND","Largecap","Auto"
"30-07-2026","VOLTAS","Largecap","Consumer Discretionary"
"30-07-2026","BALKRISIND","Largecap","Auto"
"30-07-2026","PIIND","Largecap","Chemicals"
"30-07-2026","LTFOODS","Midcap","FMCG"
"30-07-2026","SONACOMS","Largecap","Auto"
"31-07-2026","BAJFINANCE","Largecap","Financials"
"31-07-2026","GLAXO","Largecap","Healthcare"
"31-07-2026","BALKRISIND","Largecap","Auto"
"31-07-2026","MPHASIS","Largecap","I.T"
"31-07-2026","ZYDUSWELL","Midcap","FMCG"
"31-07-2026","HCLTECH","Largecap","I.T"
"31-07-2026","RKFORGE","Midcap","Industrials"
"31-07-2026","TECHM","Largecap","I.T"
"31-07-2026","ASTERDM","Largecap","Healthcare"
"31-07-2026","KPITTECH","Midcap","I.T"
"31-07-2026","MEDANTA","Largecap","Healthcare"
"31-07-2026","CONCORDBIO","Midcap","Healthcare"
"31-07-2026","HYUNDAI","Largecap","Auto"
"31-07-2026","THELEELA","Midcap","Services"
"03-08-2026","AEGISLOG","Largecap","Services"
"03-08-2026","BALRAMCHIN","Midcap","FMCG"
"03-08-2026","CHENNPETRO","Largecap","Energy"
"03-08-2026","INFY","Largecap","I.T"
"03-08-2026","AMBUJACEM","Largecap","Building Materials"
"03-08-2026","FEDERALBNK","Largecap","Bank"
"03-08-2026","GABRIEL","Largecap","Auto"
"03-08-2026","DEEPAKNTR","Largecap","Chemicals"
"03-08-2026","SHRIRAMFIN","Largecap","Financials"
"03-08-2026","UPL","Largecap","Chemicals"
"03-08-2026","ASAHIINDIA","Largecap","Building Materials"
"03-08-2026","HAVELLS","Largecap","Consumer Discretionary"
"03-08-2026","WOCKPHARMA","Largecap","Healthcare"
"03-08-2026","RKFORGE","Midcap","Industrials"
"03-08-2026","TCS","Largecap","I.T"
"03-08-2026","M&MFIN","Largecap","Financials"
"03-08-2026","ACE","Midcap","Industrials"
"03-08-2026","BAJAJFINSV","Largecap","Financials"
"03-08-2026","JUBLFOOD","Largecap","Consumer Discretionary"
"03-08-2026","APLAPOLLO","Largecap","Industrials"
"03-08-2026","MINDACORP","Midcap","Auto"
"03-08-2026","AFFLE","Largecap","I.T"
"03-08-2026","IRCTC","Largecap","Transportation"
"03-08-2026","GLAND","Largecap","Healthcare"
"03-08-2026","JYOTICNC","Largecap","Industrials"
"03-08-2026","INDGN","Midcap","Healthcare"
"03-08-2026","TRAVELFOOD","Midcap","Consumer Discretionary"
"03-08-2026","ANTHEM","Largecap","Healthcare"
"03-08-2026","TMCV","Largecap","Auto"
"04-08-2026","BALRAMCHIN","Midcap","FMCG"
"04-08-2026","EXIDEIND","Largecap","Auto"
"04-08-2026","HINDZINC","Largecap","Metals & Mining"
"04-08-2026","HINDALCO","Largecap","Metals & Mining"
"04-08-2026","GRAPHITE","Midcap","Industrials"
"04-08-2026","SAREGAMA","Midcap","Media"
"04-08-2026","PVRINOX","Midcap","Media"
"04-08-2026","ZFCVINDIA","Largecap","Auto"
"04-08-2026","SYRMA","Largecap","Consumer Discretionary"
"04-08-2026","ATHERENERG","Largecap","Auto"
"04-08-2026","TRAVELFOOD","Midcap","Consumer Discretionary"
"05-08-2026","HINDZINC","Largecap","Metals & Mining"
"05-08-2026","JSWSTEEL","Largecap","Metals & Mining"
"05-08-2026","HINDALCO","Largecap","Metals & Mining"
"05-08-2026","BERGEPAINT","Largecap","Building Materials"
"05-08-2026","SHRIRAMFIN","Largecap","Financials"
"05-08-2026","HINDCOPPER","Largecap","Metals & Mining"
"05-08-2026","ASAHIINDIA","Largecap","Building Materials"
"05-08-2026","USHAMART","Midcap","Metals & Mining"
"05-08-2026","AUROPHARMA","Largecap","Healthcare"
"05-08-2026","MPHASIS","Largecap","I.T"
"05-08-2026","WELCORP","Largecap","Industrials"
"05-08-2026","ACE","Midcap","Industrials"
"05-08-2026","RBLBANK","Largecap","Bank"
"05-08-2026","360ONE","Largecap","Financials"
"05-08-2026","SONACOMS","Largecap","Auto"
"05-08-2026","RRKABEL","Largecap","Industrials"
"05-08-2026","SAILIFE","Largecap","Healthcare"
"05-08-2026","TATACAP","Largecap","Financials"
"06-08-2026","WHIRLPOOL","Midcap","Consumer Discretionary"
"06-08-2026","ELECON","Midcap","Industrials"
"06-08-2026","AARTIIND","Midcap","Chemicals"
"06-08-2026","UNOMINDA","Largecap","Auto"
"06-08-2026","INDIANB","Largecap","Bank"
"06-08-2026","TRITURBINE","Midcap","Industrials"
"06-08-2026","AIIL","Largecap","Financials"
"06-08-2026","COCHINSHIP","Largecap","Aerospace & Defence"
"06-08-2026","BDL","Largecap","Aerospace & Defence"
"06-08-2026","MAZDOCK","Largecap","Aerospace & Defence"
"06-08-2026","KALYANKJIL","Largecap","Consumer Discretionary"
"06-08-2026","TATATECH","Largecap","I.T"
"07-08-2026","BEML","Midcap","Aerospace & Defence"
"07-08-2026","EXIDEIND","Largecap","Auto"
"07-08-2026","HINDALCO","Largecap","Metals & Mining"
"07-08-2026","CARBORUNIV","Largecap","Industrials"
"07-08-2026","AUROPHARMA","Largecap","Healthcare"
"07-08-2026","MPHASIS","Largecap","I.T"
"07-08-2026","RKFORGE","Midcap","Industrials"
"07-08-2026","TCS","Largecap","I.T"
"07-08-2026","M&MFIN","Largecap","Financials"
"07-08-2026","ZFCVINDIA","Largecap","Auto"
"07-08-2026","JUBLFOOD","Largecap","Consumer Discretionary"
"07-08-2026","COCHINSHIP","Largecap","Aerospace & Defence"
"07-08-2026","ASTERDM","Largecap","Healthcare"
"07-08-2026","SONACOMS","Largecap","Auto"
"07-08-2026","CLEAN","Midcap","Chemicals"
"07-08-2026","HONASA","Midcap","Services"
"07-08-2026","TATATECH","Largecap","I.T"
"07-08-2026","TRAVELFOOD","Midcap","Consumer Discretionary"
"10-08-2026","BALRAMCHIN","Midcap","FMCG"
"10-08-2026","BEML","Midcap","Aerospace & Defence"
"10-08-2026","FINCABLES","Largecap","Industrials"
"10-08-2026","SHRIRAMFIN","Largecap","Financials"
"10-08-2026","POLYMED","Midcap","Healthcare"
"10-08-2026","JINDALSTEL","Largecap","Metals & Mining"
"10-08-2026","M&MFIN","Largecap","Financials"
"10-08-2026","ACE","Midcap","Industrials"
"10-08-2026","NAUKRI","Largecap","I.T"
"10-08-2026","BRIGADE","Largecap","Realty"
"10-08-2026","APLAPOLLO","Largecap","Industrials"
"10-08-2026","SCHNEIDER","Largecap","Industrials"
"10-08-2026","SUMICHEM","Largecap","Chemicals"
"10-08-2026","MAZDOCK","Largecap","Aerospace & Defence"
"10-08-2026","PAYTM","Largecap","I.T"
"10-08-2026","SYRMA","Largecap","Consumer Discretionary"
"10-08-2026","CONCORDBIO","Midcap","Healthcare"
"10-08-2026","LENSKART","Largecap","FMCG"
"11-08-2026","ARE&M","Midcap","Auto"
"11-08-2026","CHENNPETRO","Largecap","Energy"
"11-08-2026","FINCABLES","Largecap","Industrials"
"11-08-2026","CARBORUNIV","Largecap","Industrials"
"11-08-2026","KPIL","Largecap","Realty"
"11-08-2026","JUBLPHARMA","Midcap","Healthcare"
"11-08-2026","CONCOR","Largecap","Transportation"
"11-08-2026","POLYMED","Midcap","Healthcare"
"11-08-2026","ZYDUSLIFE","Largecap","Healthcare"
"11-08-2026","UNITDSPR","Largecap","FMCG"
"11-08-2026","NAUKRI","Largecap","I.T"
"11-08-2026","AFFLE","Largecap","I.T"
"11-08-2026","GLAND","Largecap","Healthcare"
"11-08-2026","ANTHEM","Largecap","Healthcare"
"12-08-2026","KAJARIACER","Midcap","Building Materials"
"12-08-2026","ELECON","Midcap","Industrials"
"12-08-2026","BERGEPAINT","Largecap","Building Materials"
"12-08-2026","NAVA","Midcap","Miscellaneous"
"12-08-2026","AARTIIND","Midcap","Chemicals"
"12-08-2026","NATIONALUM","Largecap","Metals & Mining"
"12-08-2026","ZYDUSLIFE","Largecap","Healthcare"
"12-08-2026","BHARTIARTL","Largecap","Telecom-Service"
"12-08-2026","JSL","Largecap","Metals & Mining"
"12-08-2026","PVRINOX","Midcap","Media"
"12-08-2026","INDIANB","Largecap","Bank"
"12-08-2026","ASTRAL","Largecap","Plastic products"
"12-08-2026","SCHNEIDER","Largecap","Industrials"
"12-08-2026","AUBANK","Largecap","Bank"
"12-08-2026","BDL","Largecap","Aerospace & Defence"
"12-08-2026","VIJAYA","Midcap","Healthcare"
"12-08-2026","HYUNDAI","Largecap","Auto"
"13-08-2026","GLAXO","Largecap","Healthcare"
"13-08-2026","SARDAEN","Midcap","Metals & Mining"
"13-08-2026","CARBORUNIV","Largecap","Industrials"
"13-08-2026","ANANTRAJ","Largecap","Realty"
"13-08-2026","DCMSHRIRAM","Midcap","Miscellaneous"
"13-08-2026","POONAWALLA","Largecap","Financials"
"13-08-2026","CONCOR","Largecap","Transportation"
"13-08-2026","CYIENT","Midcap","I.T"
"13-08-2026","IIFL","Largecap","Financials"
"13-08-2026","ASTRAL","Largecap","Plastic products"
"13-08-2026","OBEROIRLTY","Largecap","Realty"
"13-08-2026","APLAPOLLO","Largecap","Industrials"
"13-08-2026","AIIL","Largecap","Financials"
"13-08-2026","TEJASNET","Midcap","Telecom"
"13-08-2026","ERIS","Midcap","Healthcare"
"13-08-2026","BDL","Largecap","Aerospace & Defence"
"13-08-2026","360ONE","Largecap","Financials"
"13-08-2026","GLAND","Largecap","Healthcare"
"13-08-2026","CLEAN","Midcap","Chemicals"
"13-08-2026","TATATECH","Largecap","I.T"
"14-08-2026","BATAINDIA","Midcap","Consumer Discretionary"
"14-08-2026","SARDAEN","Midcap","Metals & Mining"
"14-08-2026","ASAHIINDIA","Largecap","Building Materials"
"14-08-2026","HAVELLS","Largecap","Consumer Discretionary"
"14-08-2026","ELGIEQUIP","Midcap","Industrials"
"14-08-2026","BHARTIARTL","Largecap","Telecom-Service"
"14-08-2026","KPRMILL","Largecap","Consumer Discretionary"
"14-08-2026","BDL","Largecap","Aerospace & Defence"
"14-08-2026","FIVESTAR","Midcap","Financials"
"14-08-2026","KFINTECH","Midcap","Financials"
"14-08-2026","HONASA","Midcap","Services"
"14-08-2026","IKS","Largecap","I.T"
"14-08-2026","ANTHEM","Largecap","Healthcare"
"14-08-2026","LGEINDIA","Largecap","Consumer Discretionary"
"17-08-2026","BALRAMCHIN","Midcap","FMCG"
"17-08-2026","BHEL","Largecap","Industrials"
"17-08-2026","CHENNPETRO","Largecap","Energy"
"17-08-2026","FINCABLES","Largecap","Industrials"
"17-08-2026","MFSL","Largecap","Financials"
"17-08-2026","DEEPAKNTR","Largecap","Chemicals"
"17-08-2026","HINDCOPPER","Largecap","Metals & Mining"
"17-08-2026","ELGIEQUIP","Midcap","Industrials"
"17-08-2026","KPIL","Largecap","Realty"
"17-08-2026","NATIONALUM","Largecap","Metals & Mining"
"17-08-2026","JINDALSTEL","Largecap","Metals & Mining"
"17-08-2026","RKFORGE","Midcap","Industrials"
"17-08-2026","UNOMINDA","Largecap","Auto"
"17-08-2026","KPRMILL","Largecap","Consumer Discretionary"
"17-08-2026","MOTILALOFS","Largecap","Financials"
"17-08-2026","OBEROIRLTY","Largecap","Realty"
"17-08-2026","GRAVITA","Midcap","Metals & Mining"
"17-08-2026","NAM-INDIA","Largecap","Financials"
"17-08-2026","AFFLE","Largecap","I.T"
"17-08-2026","CAMS","Midcap","Financials"
"17-08-2026","CONCORDBIO","Midcap","Healthcare"
"18-08-2026","AEGISLOG","Largecap","Services"
"18-08-2026","BEML","Midcap","Aerospace & Defence"
"18-08-2026","GLAXO","Largecap","Healthcare"
"18-08-2026","ASAHIINDIA","Largecap","Building Materials"
"18-08-2026","ACE","Midcap","Industrials"
"18-08-2026","TITAGARH","Midcap","Industrials"
"18-08-2026","ZFCVINDIA","Largecap","Auto"
"18-08-2026","ZENTEC","Midcap","Aerospace & Defence"
"18-08-2026","TIINDIA","Largecap","Industrials"
"18-08-2026","BDL","Largecap","Aerospace & Defence"
"18-08-2026","GRSE","Largecap","Aerospace & Defence"
"18-08-2026","JYOTICNC","Largecap","Industrials"
"18-08-2026","THELEELA","Midcap","Services"
"19-08-2026","ELGIEQUIP","Midcap","Industrials"
"19-08-2026","WELCORP","Largecap","Industrials"
"19-08-2026","CYIENT","Midcap","I.T"
"19-08-2026","PNBHOUSING","Largecap","Financials"
"19-08-2026","NAM-INDIA","Largecap","Financials"
"19-08-2026","CHALET","Midcap","Services"
"19-08-2026","RRKABEL","Largecap","Industrials"
"19-08-2026","JYOTICNC","Largecap","Industrials"
"20-08-2026","BALRAMCHIN","Midcap","FMCG"
"20-08-2026","ABREL","Midcap","Realty"
"20-08-2026","ELECON","Midcap","Industrials"
"20-08-2026","CARBORUNIV","Largecap","Industrials"
"20-08-2026","COFORGE","Largecap","I.T"
"20-08-2026","PVRINOX","Midcap","Media"
"20-08-2026","BRIGADE","Largecap","Realty"
"20-08-2026","OIL","Largecap","Energy"
"20-08-2026","RBLBANK","Largecap","Bank"
"20-08-2026","COHANCE","Midcap","Healthcare"
"20-08-2026","CARTRADE","Midcap","Consumer Discretionary"
"20-08-2026","PREMIERENE","Largecap","Services"
"20-08-2026","ACMESOLAR","Largecap","Realty"
"21-08-2026","AEGISLOG","Largecap","Services"
"21-08-2026","HINDZINC","Largecap","Metals & Mining"
"21-08-2026","APOLLOTYRE","Largecap","Auto"
"21-08-2026","ASAHIINDIA","Largecap","Building Materials"
"21-08-2026","WELCORP","Largecap","Industrials"
"21-08-2026","JBMA","Midcap","Auto"
"21-08-2026","IIFL","Largecap","Financials"
"21-08-2026","ACE","Midcap","Industrials"
"21-08-2026","BRIGADE","Largecap","Realty"
"21-08-2026","ZFCVINDIA","Largecap","Auto"
"21-08-2026","AUBANK","Largecap","Bank"
"21-08-2026","CDSL","Largecap","Financials"
"21-08-2026","BDL","Largecap","Aerospace & Defence"
"21-08-2026","JYOTICNC","Largecap","Industrials"
"21-08-2026","THELEELA","Midcap","Services"
"24-08-2026","JSWSTEEL","Largecap","Metals & Mining"
"24-08-2026","AARTIIND","Midcap","Chemicals"
"24-08-2026","WELCORP","Largecap","Industrials"
"24-08-2026","GLENMARK","Largecap","Healthcare"
"24-08-2026","REDINGTON","Largecap","Services"
"24-08-2026","BRIGADE","Largecap","Realty"
"24-08-2026","COCHINSHIP","Largecap","Aerospace & Defence"
"24-08-2026","ACMESOLAR","Largecap","Realty"
"24-08-2026","HEXT","Smallcap",""
"25-08-2026","SHRIRAMFIN","Largecap","Financials"
"25-08-2026","CYIENT","Midcap","I.T"
"25-08-2026","ZYDUSLIFE","Largecap","Healthcare"
"25-08-2026","FACT","Largecap","Chemicals"
"25-08-2026","CHALET","Midcap","Services"
"25-08-2026","MAZDOCK","Largecap","Aerospace & Defence"
"25-08-2026","PAYTM","Largecap","I.T"
"26-08-2026","HINDZINC","Largecap","Metals & Mining"
"26-08-2026","JSWSTEEL","Largecap","Metals & Mining"
"26-08-2026","KOTAKBANK","Largecap","Bank"
"26-08-2026","RAMCOCEM","Largecap","Building Materials"
"26-08-2026","HINDCOPPER","Largecap","Metals & Mining"
"26-08-2026","CYIENT","Midcap","I.T"
"26-08-2026","JINDALSTEL","Largecap","Metals & Mining"
"26-08-2026","ZYDUSLIFE","Largecap","Healthcare"
"26-08-2026","MOTILALOFS","Largecap","Financials"
"26-08-2026","LALPATHLAB","Largecap","Healthcare"
"26-08-2026","CDSL","Largecap","Financials"
"26-08-2026","GLAND","Largecap","Healthcare"
"26-08-2026","MEDANTA","Largecap","Healthcare"
"26-08-2026","ATHERENERG","Largecap","Auto"
"26-08-2026","ANTHEM","Largecap","Healthcare"
"26-08-2026","PIRAMALFIN","Smallcap",""
"27-08-2026","CGPOWER","Largecap","Industrials"
"27-08-2026","BHEL","Largecap","Industrials"
"27-08-2026","WHIRLPOOL","Midcap","Consumer Discretionary"
"27-08-2026","BBTC","Midcap","Auto"
"27-08-2026","WELCORP","Largecap","Industrials"
"27-08-2026","ZYDUSLIFE","Largecap","Healthcare"
"27-08-2026","KALYANKJIL","Largecap","Consumer Discretionary"
"27-08-2026","SONACOMS","Largecap","Auto"
"28-08-2026","BEML","Midcap","Aerospace & Defence"
"28-08-2026","ELGIEQUIP","Midcap","Industrials"
"28-08-2026","CONCOR","Largecap","Transportation"
"28-08-2026","POLYMED","Midcap","Healthcare"
"28-08-2026","CYIENT","Midcap","I.T"
"28-08-2026","GLENMARK","Largecap","Healthcare"
"28-08-2026","COFORGE","Largecap","I.T"
"28-08-2026","IIFL","Largecap","Financials"
"28-08-2026","OIL","Largecap","Energy"
"28-08-2026","APLAPOLLO","Largecap","Industrials"
"28-08-2026","NEWGEN","Midcap","I.T"
"28-08-2026","SHYAMMETL","Largecap","Metals & Mining"
"28-08-2026","LICI","Largecap","Financials"
"28-08-2026","ATHERENERG","Largecap","Auto"
"28-08-2026","PIRAMALFIN","Smallcap",""
"31-08-2026","CGPOWER","Largecap","Industrials"
"31-08-2026","BHEL","Largecap","Industrials"
"31-08-2026","SPLPETRO","Midcap","Energy"
"31-08-2026","AUROPHARMA","Largecap","Healthcare"
"31-08-2026","CYIENT","Midcap","I.T"
"31-08-2026","JINDALSTEL","Largecap","Metals & Mining"
"31-08-2026","INDIANB","Largecap","Bank"
"31-08-2026","DLF","Largecap","Realty"
"31-08-2026","KPRMILL","Largecap","Consumer Discretionary"
"31-08-2026","BRIGADE","Largecap","Realty"
"31-08-2026","JUBLFOOD","Largecap","Consumer Discretionary"
"31-08-2026","INDUSTOWER","Largecap","Telecom"
"31-08-2026","ICICIPRULI","Largecap","Financials"
"31-08-2026","TEJASNET","Midcap","Telecom"
"31-08-2026","VIJAYA","Midcap","Healthcare"
"31-08-2026","POLICYBZR","Largecap","I.T"
"31-08-2026","PAYTM","Largecap","I.T"
"31-08-2026","KFINTECH","Midcap","Financials"
"31-08-2026","INDGN","Midcap","Healthcare"
"31-08-2026","TBOTEK","Midcap","I.T"
"31-08-2026","ATHERENERG","Largecap","Auto"
"01-09-2026","CAPLIPOINT","Largecap","Healthcare"
"01-09-2026","JUBLPHARMA","Midcap","Healthcare"
"01-09-2026","WELCORP","Largecap","Industrials"
"01-09-2026","ECLERX","Midcap","I.T"
"01-09-2026","CONCORDBIO","Midcap","Healthcare"
"01-09-2026","ATHERENERG","Largecap","Auto"
"01-09-2026","ANTHEM","Largecap","Healthcare"
"02-09-2026","BEML","Midcap","Aerospace & Defence"
"02-09-2026","KAJARIACER","Midcap","Building Materials"
"02-09-2026","LICHSGFIN","Largecap","Financials"
"02-09-2026","UPL","Largecap","Chemicals"
"02-09-2026","WOCKPHARMA","Largecap","Healthcare"
"02-09-2026","REDINGTON","Largecap","Services"
"02-09-2026","DLF","Largecap","Realty"
"02-09-2026","ADANIPORTS","Largecap","Transportation"
"02-09-2026","ECLERX","Midcap","I.T"
"02-09-2026","KIRLOSENG","Largecap","Industrials"
"02-09-2026","ZENTEC","Midcap","Aerospace & Defence"
"02-09-2026","MUTHOOTFIN","Largecap","Financials"
"02-09-2026","CLEAN","Midcap","Chemicals"
"02-09-2026","SAILIFE","Largecap","Healthcare"
"03-09-2026","BALRAMCHIN","Midcap","FMCG"
"03-09-2026","FINCABLES","Largecap","Industrials"
"03-09-2026","LICHSGFIN","Largecap","Financials"
"03-09-2026","GESHIP","Largecap","Transportation"
"03-09-2026","ANANTRAJ","Largecap","Realty"
"03-09-2026","USHAMART","Midcap","Metals & Mining"
"03-09-2026","CAPLIPOINT","Largecap","Healthcare"
"03-09-2026","WELCORP","Largecap","Industrials"
"03-09-2026","UNOMINDA","Largecap","Auto"
"03-09-2026","PVRINOX","Midcap","Media"
"03-09-2026","ACE","Midcap","Industrials"
"03-09-2026","BRIGADE","Largecap","Realty"
"03-09-2026","KIRLOSENG","Largecap","Industrials"
"03-09-2026","RBLBANK","Largecap","Bank"
"03-09-2026","SBICARD","Largecap","Financials"
"03-09-2026","CARTRADE","Midcap","Consumer Discretionary"
"03-09-2026","JYOTICNC","Largecap","Industrials"
"04-09-2026","SPLPETRO","Midcap","Energy"
"04-09-2026","WOCKPHARMA","Largecap","Healthcare"
"04-09-2026","APLAPOLLO","Largecap","Industrials"
"04-09-2026","TEJASNET","Midcap","Telecom"
"04-09-2026","NUVOCO","Midcap","Building Materials"
"04-09-2026","HYUNDAI","Largecap","Auto"
"07-09-2026","SPLPETRO","Midcap","Energy"
"07-09-2026","ANANTRAJ","Largecap","Realty"
"07-09-2026","JUBLPHARMA","Midcap","Healthcare"
"07-09-2026","WOCKPHARMA","Largecap","Healthcare"
"07-09-2026","GRANULES","Largecap","Healthcare"
"07-09-2026","TITAGARH","Midcap","Industrials"
"07-09-2026","NH","Largecap","Healthcare"
"07-09-2026","SBICARD","Largecap","Financials"
"07-09-2026","SHYAMMETL","Largecap","Metals & Mining"
"07-09-2026","SYRMA","Largecap","Consumer Discretionary"
"08-09-2026","KAJARIACER","Midcap","Building Materials"
"08-09-2026","LICHSGFIN","Largecap","Financials"
"08-09-2026","SPLPETRO","Midcap","Energy"
"08-09-2026","HBLENGINE","Largecap","Auto"
"08-09-2026","JUBLPHARMA","Midcap","Healthcare"
"08-09-2026","GRANULES","Largecap","Healthcare"
"08-09-2026","PVRINOX","Midcap","Media"
"08-09-2026","KIRLOSENG","Largecap","Industrials"
"08-09-2026","AUBANK","Largecap","Bank"
"08-09-2026","SAILIFE","Largecap","Healthcare"
"08-09-2026","ANTHEM","Largecap","Healthcare"
"08-09-2026","PIRAMALFIN","Smallcap",""
"09-09-2026","BHEL","Largecap","Industrials"
"09-09-2026","CHENNPETRO","Largecap","Energy"
"09-09-2026","FINCABLES","Largecap","Industrials"
"09-09-2026","APOLLOTYRE","Largecap","Auto"
"09-09-2026","SARDAEN","Midcap","Metals & Mining"
"09-09-2026","GRAPHITE","Midcap","Industrials"
"09-09-2026","JSL","Largecap","Metals & Mining"
"09-09-2026","ADANIPORTS","Largecap","Transportation"
"09-09-2026","COCHINSHIP","Largecap","Aerospace & Defence"
"09-09-2026","PAYTM","Largecap","I.T"
"09-09-2026","ABDL","Midcap","FMCG"
"10-09-2026","FINCABLES","Largecap","Industrials"
"10-09-2026","WELCORP","Largecap","Industrials"
"10-09-2026","GRANULES","Largecap","Healthcare"
"10-09-2026","ATHERENERG","Largecap","Auto"
"11-09-2026","AEGISLOG","Largecap","Services"
"11-09-2026","GRAPHITE","Midcap","Industrials"
"11-09-2026","GRANULES","Largecap","Healthcare"
"11-09-2026","SUNTV","Midcap","Media"
"11-09-2026","MOTILALOFS","Largecap","Financials"
"11-09-2026","SCHNEIDER","Largecap","Industrials"
"11-09-2026","AIIL","Largecap","Financials"
"11-09-2026","ABSLAMC","Largecap","Financials"
"11-09-2026","PAYTM","Largecap","I.T"
"11-09-2026","FIVESTAR","Midcap","Financials"
"11-09-2026","ABDL","Midcap","FMCG"
"15-09-2026","ACMESOLAR","Largecap","Realty"
"16-09-2026","AEGISLOG","Largecap","Services"
"16-09-2026","BEML","Midcap","Aerospace & Defence"
"16-09-2026","FINCABLES","Largecap","Industrials"
"16-09-2026","GODREJIND","Largecap","Chemicals"
"16-09-2026","PATANJALI","Largecap","FMCG"
"16-09-2026","TATACOMM","Largecap","Telecom-Service"
"16-09-2026","VTL","Midcap","Textiles"
"16-09-2026","REDINGTON","Largecap","Services"
"16-09-2026","ECLERX","Midcap","I.T"
"16-09-2026","BRIGADE","Largecap","Realty"
"16-09-2026","TEGA","Midcap","Industrials"
"16-09-2026","ABDL","Midcap","FMCG"
"17-09-2026","GESHIP","Largecap","Transportation"
"17-09-2026","TATAINVEST","Largecap","Financials"
"17-09-2026","ANANTRAJ","Largecap","Realty"
"17-09-2026","HBLENGINE","Largecap","Auto"
"17-09-2026","INDIACEM","Midcap","Building Materials"
"17-09-2026","GRANULES","Largecap","Healthcare"
"17-09-2026","ACE","Midcap","Industrials"
"17-09-2026","REDINGTON","Largecap","Services"
"17-09-2026","ASTRAL","Largecap","Plastic products"
"17-09-2026","KIRLOSENG","Largecap","Industrials"
"17-09-2026","SBICARD","Largecap","Financials"
"17-09-2026","GLAND","Largecap","Healthcare"
"17-09-2026","KIMS","Largecap","Healthcare"
"17-09-2026","VIJAYA","Midcap","Healthcare"
"17-09-2026","TEGA","Midcap","Industrials"
"17-09-2026","SYRMA","Largecap","Consumer Discretionary"
"17-09-2026","INDGN","Midcap","Healthcare"
"18-09-2026","AEGISLOG","Largecap","Services"
"18-09-2026","BEML","Midcap","Aerospace & Defence"
"18-09-2026","PATANJALI","Largecap","FMCG"
"18-09-2026","TATAPOWER","Largecap","Power & Utilities"
"18-09-2026","SPLPETRO","Midcap","Energy"
"18-09-2026","COLPAL","Largecap","FMCG"
"18-09-2026","TATAINVEST","Largecap","Financials"
"18-09-2026","BBTC","Midcap","Auto"
"18-09-2026","VTL","Midcap","Textiles"
"18-09-2026","COROMANDEL","Largecap","Chemicals"
"18-09-2026","CARBORUNIV","Largecap","Industrials"
"18-09-2026","KPIL","Largecap","Realty"
"18-09-2026","CAPLIPOINT","Largecap","Healthcare"
"18-09-2026","AUROPHARMA","Largecap","Healthcare"
"18-09-2026","JUBLPHARMA","Midcap","Healthcare"
"18-09-2026","WELCORP","Largecap","Industrials"
"18-09-2026","JSL","Largecap","Metals & Mining"
"18-09-2026","ADANIPORTS","Largecap","Transportation"
"18-09-2026","AIIL","Largecap","Financials"
"18-09-2026","RBLBANK","Largecap","Bank"
"18-09-2026","ADANIGREEN","Largecap","Power & Utilities"
"18-09-2026","ATGL","Largecap","Energy"
"18-09-2026","CHALET","Midcap","Services"
"18-09-2026","AFFLE","Largecap","I.T"
"18-09-2026","HOMEFIRST","Midcap","Financials"
"18-09-2026","KIMS","Largecap","Healthcare"
"18-09-2026","VIJAYA","Midcap","Healthcare"
"18-09-2026","PAYTM","Largecap","I.T"
"18-09-2026","SYRMA","Largecap","Consumer Discretionary"
"18-09-2026","JYOTICNC","Largecap","Industrials"
"18-09-2026","BHARTIHEXA","Largecap","Telecom-Service"
"18-09-2026","TBOTEK","Midcap","I.T"
"18-09-2026","ACMESOLAR","Largecap","Realty"
"18-09-2026","SAILIFE","Largecap","Healthcare"
"18-09-2026","IKS","Largecap","I.T"
