"Date","Symbol","Marketcapname","Sector"
"16-09-2026 2:40 pm","BEML","Midcap","Aerospace & Defence"
"16-09-2026 2:40 pm","GODREJIND","Largecap","Chemicals"
"16-09-2026 2:40 pm","PATANJALI","Largecap","FMCG"
"16-09-2026 2:40 pm","TATACOMM","Largecap","Telecom-Service"
"16-09-2026 2:40 pm","VTL","Midcap","Textiles"
"16-09-2026 2:40 pm","REDINGTON","Largecap","Services"
"16-09-2026 2:40 pm","ECLERX","Midcap","I.T"
"16-09-2026 2:40 pm","BRIGADE","Largecap","Realty"
"16-09-2026 2:40 pm","TEGA","Midcap","Industrials"
"16-09-2026 2:40 pm","ABDL","Midcap","FMCG"
"16-09-2026 2:45 pm","BEML","Midcap","Aerospace & Defence"
"16-09-2026 2:45 pm","GODREJIND","Largecap","Chemicals"
"16-09-2026 2:45 pm","PATANJALI","Largecap","FMCG"
"16-09-2026 2:45 pm","TATACOMM","Largecap","Telecom-Service"
"16-09-2026 2:45 pm","VTL","Midcap","Textiles"
"16-09-2026 2:45 pm","REDINGTON","Largecap","Services"
"16-09-2026 2:45 pm","ECLERX","Midcap","I.T"
"16-09-2026 2:45 pm","BRIGADE","Largecap","Realty"
"16-09-2026 2:45 pm","TEGA","Midcap","Industrials"
"16-09-2026 2:45 pm","ABDL","Midcap","FMCG"
"16-09-2026 2:50 pm","BEML","Midcap","Aerospace & Defence"
"16-09-2026 2:50 pm","GODREJIND","Largecap","Chemicals"
"16-09-2026 2:50 pm","PATANJALI","Largecap","FMCG"
"16-09-2026 2:50 pm","TATACOMM","Largecap","Telecom-Service"
"16-09-2026 2:50 pm","VTL","Midcap","Textiles"
"16-09-2026 2:50 pm","REDINGTON","Largecap","Services"
"16-09-2026 2:50 pm","ECLERX","Midcap","I.T"
"16-09-2026 2:50 pm","BRIGADE","Largecap","Realty"
"16-09-2026 2:50 pm","TEGA","Midcap","Industrials"
"16-09-2026 2:50 pm","ABDL","Midcap","FMCG"
"16-09-2026 2:55 pm","BEML","Midcap","Aerospace & Defence"
"16-09-2026 2:55 pm","GODREJIND","Largecap","Chemicals"
"16-09-2026 2:55 pm","PATANJALI","Largecap","FMCG"
"16-09-2026 2:55 pm","TATACOMM","Largecap","Telecom-Service"
"16-09-2026 2:55 pm","VTL","Midcap","Textiles"
"16-09-2026 2:55 pm","REDINGTON","Largecap","Services"
"16-09-2026 2:55 pm","ECLERX","Midcap","I.T"
"16-09-2026 2:55 pm","BRIGADE","Largecap","Realty"
"16-09-2026 2:55 pm","ABDL","Midcap","FMCG"
"16-09-2026 3:00 pm","BEML","Midcap","Aerospace & Defence"
"16-09-2026 3:00 pm","GODREJIND","Largecap","Chemicals"
"16-09-2026 3:00 pm","PATANJALI","Largecap","FMCG"
"16-09-2026 3:00 pm","TATACOMM","Largecap","Telecom-Service"
"16-09-2026 3:00 pm","VTL","Midcap","Textiles"
"16-09-2026 3:00 pm","REDINGTON","Largecap","Services"
"16-09-2026 3:00 pm","ECLERX","Midcap","I.T"
"16-09-2026 3:00 pm","BRIGADE","Largecap","Realty"
"16-09-2026 3:00 pm","ABDL","Midcap","FMCG"
"16-09-2026 3:05 pm","BEML","Midcap","Aerospace & Defence"
"16-09-2026 3:05 pm","FINCABLES","Largecap","Industrials"
"16-09-2026 3:05 pm","GODREJIND","Largecap","Chemicals"
"16-09-2026 3:05 pm","PATANJALI","Largecap","FMCG"
"16-09-2026 3:05 pm","TATACOMM","Largecap","Telecom-Service"
"16-09-2026 3:05 pm","VTL","Midcap","Textiles"
"16-09-2026 3:05 pm","REDINGTON","Largecap","Services"
"16-09-2026 3:05 pm","ECLERX","Midcap","I.T"
"16-09-2026 3:05 pm","BRIGADE","Largecap","Realty"
"16-09-2026 3:05 pm","ABDL","Midcap","FMCG"
"16-09-2026 3:10 pm","BEML","Midcap","Aerospace & Defence"
"16-09-2026 3:10 pm","FINCABLES","Largecap","Industrials"
"16-09-2026 3:10 pm","GODREJIND","Largecap","Chemicals"
"16-09-2026 3:10 pm","PATANJALI","Largecap","FMCG"
"16-09-2026 3:10 pm","TATACOMM","Largecap","Telecom-Service"
"16-09-2026 3:10 pm","VTL","Midcap","Textiles"
"16-09-2026 3:10 pm","REDINGTON","Largecap","Services"
"16-09-2026 3:10 pm","ECLERX","Midcap","I.T"
"16-09-2026 3:10 pm","BRIGADE","Largecap","Realty"
"16-09-2026 3:10 pm","ABDL","Midcap","FMCG"
"16-09-2026 3:15 pm","AEGISLOG","Largecap","Services"
"16-09-2026 3:15 pm","BEML","Midcap","Aerospace & Defence"
"16-09-2026 3:15 pm","FINCABLES","Largecap","Industrials"
"16-09-2026 3:15 pm","GODREJIND","Largecap","Chemicals"
"16-09-2026 3:15 pm","TATACOMM","Largecap","Telecom-Service"
"16-09-2026 3:15 pm","VTL","Midcap","Textiles"
"16-09-2026 3:15 pm","REDINGTON","Largecap","Services"
"16-09-2026 3:15 pm","ECLERX","Midcap","I.T"
"16-09-2026 3:15 pm","BRIGADE","Largecap","Realty"
"16-09-2026 3:15 pm","ABDL","Midcap","FMCG"
"16-09-2026 3:20 pm","AEGISLOG","Largecap","Services"
"16-09-2026 3:20 pm","BEML","Midcap","Aerospace & Defence"
"16-09-2026 3:20 pm","FINCABLES","Largecap","Industrials"
"16-09-2026 3:20 pm","GODREJIND","Largecap","Chemicals"
"16-09-2026 3:20 pm","TATACOMM","Largecap","Telecom-Service"
"16-09-2026 3:20 pm","VTL","Midcap","Textiles"
"16-09-2026 3:20 pm","REDINGTON","Largecap","Services"
"16-09-2026 3:20 pm","ECLERX","Midcap","I.T"
"16-09-2026 3:20 pm","BRIGADE","Largecap","Realty"
"16-09-2026 3:20 pm","ABDL","Midcap","FMCG"
"16-09-2026 3:25 pm","AEGISLOG","Largecap","Services"
"16-09-2026 3:25 pm","BEML","Midcap","Aerospace & Defence"
"16-09-2026 3:25 pm","FINCABLES","Largecap","Industrials"
"16-09-2026 3:25 pm","GODREJIND","Largecap","Chemicals"
"16-09-2026 3:25 pm","TATACOMM","Largecap","Telecom-Service"
"16-09-2026 3:25 pm","VTL","Midcap","Textiles"
"16-09-2026 3:25 pm","REDINGTON","Largecap","Services"
"16-09-2026 3:25 pm","ECLERX","Midcap","I.T"
"16-09-2026 3:25 pm","BRIGADE","Largecap","Realty"
"16-09-2026 3:25 pm","ABDL","Midcap","FMCG"
"17-09-2026 9:15 am","GESHIP","Largecap","Transportation"
"17-09-2026 9:15 am","HBLENGINE","Largecap","Auto"
"17-09-2026 9:15 am","GRANULES","Largecap","Healthcare"
"17-09-2026 9:15 am","ACE","Midcap","Industrials"
"17-09-2026 9:15 am","REDINGTON","Largecap","Services"
"17-09-2026 9:15 am","ASTRAL","Largecap","Plastic products"
"17-09-2026 9:15 am","KIRLOSENG","Largecap","Industrials"
"17-09-2026 9:15 am","SBICARD","Largecap","Financials"
"17-09-2026 9:15 am","KIMS","Largecap","Healthcare"
"17-09-2026 9:15 am","SYRMA","Largecap","Consumer Discretionary"
"17-09-2026 9:20 am","GESHIP","Largecap","Transportation"
"17-09-2026 9:20 am","ANANTRAJ","Largecap","Realty"
"17-09-2026 9:20 am","HBLENGINE","Largecap","Auto"
"17-09-2026 9:20 am","INDIACEM","Midcap","Building Materials"
"17-09-2026 9:20 am","GRANULES","Largecap","Healthcare"
"17-09-2026 9:20 am","ACE","Midcap","Industrials"
"17-09-2026 9:20 am","REDINGTON","Largecap","Services"
"17-09-2026 9:20 am","KIRLOSENG","Largecap","Industrials"
"17-09-2026 9:20 am","SBICARD","Largecap","Financials"
"17-09-2026 9:20 am","KIMS","Largecap","Healthcare"
"17-09-2026 9:20 am","SYRMA","Largecap","Consumer Discretionary"
"17-09-2026 9:25 am","GESHIP","Largecap","Transportation"
"17-09-2026 9:25 am","ANANTRAJ","Largecap","Realty"
"17-09-2026 9:25 am","HBLENGINE","Largecap","Auto"
"17-09-2026 9:25 am","INDIACEM","Midcap","Building Materials"
"17-09-2026 9:25 am","GRANULES","Largecap","Healthcare"
"17-09-2026 9:25 am","ACE","Midcap","Industrials"
"17-09-2026 9:25 am","REDINGTON","Largecap","Services"
"17-09-2026 9:25 am","KIRLOSENG","Largecap","Industrials"
"17-09-2026 9:25 am","SBICARD","Largecap","Financials"
"17-09-2026 9:25 am","GLAND","Largecap","Healthcare"
"17-09-2026 9:25 am","KIMS","Largecap","Healthcare"
"17-09-2026 9:25 am","SYRMA","Largecap","Consumer Discretionary"
"17-09-2026 9:25 am","INDGN","Midcap","Healthcare"
"17-09-2026 9:30 am","GESHIP","Largecap","Transportation"
"17-09-2026 9:30 am","ANANTRAJ","Largecap","Realty"
"17-09-2026 9:30 am","HBLENGINE","Largecap","Auto"
"17-09-2026 9:30 am","INDIACEM","Midcap","Building Materials"
"17-09-2026 9:30 am","GRANULES","Largecap","Healthcare"
"17-09-2026 9:30 am","ACE","Midcap","Industrials"
"17-09-2026 9:30 am","REDINGTON","Largecap","Services"
"17-09-2026 9:30 am","KIRLOSENG","Largecap","Industrials"
"17-09-2026 9:30 am","SBICARD","Largecap","Financials"
"17-09-2026 9:30 am","GLAND","Largecap","Healthcare"
"17-09-2026 9:30 am","KIMS","Largecap","Healthcare"
"17-09-2026 9:30 am","VIJAYA","Midcap","Healthcare"
"17-09-2026 9:30 am","TEGA","Midcap","Industrials"
"17-09-2026 9:30 am","SYRMA","Largecap","Consumer Discretionary"
"17-09-2026 9:30 am","INDGN","Midcap","Healthcare"
"17-09-2026 9:35 am","GESHIP","Largecap","Transportation"
"17-09-2026 9:35 am","ANANTRAJ","Largecap","Realty"
"17-09-2026 9:35 am","HBLENGINE","Largecap","Auto"
"17-09-2026 9:35 am","INDIACEM","Midcap","Building Materials"
"17-09-2026 9:35 am","GRANULES","Largecap","Healthcare"
"17-09-2026 9:35 am","ACE","Midcap","Industrials"
"17-09-2026 9:35 am","REDINGTON","Largecap","Services"
"17-09-2026 9:35 am","KIRLOSENG","Largecap","Industrials"
"17-09-2026 9:35 am","SBICARD","Largecap","Financials"
"17-09-2026 9:35 am","GLAND","Largecap","Healthcare"
"17-09-2026 9:35 am","KIMS","Largecap","Healthcare"
"17-09-2026 9:35 am","VIJAYA","Midcap","Healthcare"
"17-09-2026 9:35 am","TEGA","Midcap","Industrials"
"17-09-2026 9:35 am","SYRMA","Largecap","Consumer Discretionary"
"17-09-2026 9:35 am","INDGN","Midcap","Healthcare"
"17-09-2026 9:40 am","GESHIP","Largecap","Transportation"
"17-09-2026 9:40 am","ANANTRAJ","Largecap","Realty"
"17-09-2026 9:40 am","HBLENGINE","Largecap","Auto"
"17-09-2026 9:40 am","INDIACEM","Midcap","Building Materials"
"17-09-2026 9:40 am","GRANULES","Largecap","Healthcare"
"17-09-2026 9:40 am","ACE","Midcap","Industrials"
"17-09-2026 9:40 am","REDINGTON","Largecap","Services"
"17-09-2026 9:40 am","KIRLOSENG","Largecap","Industrials"
"17-09-2026 9:40 am","SBICARD","Largecap","Financials"
"17-09-2026 9:40 am","GLAND","Largecap","Healthcare"
"17-09-2026 9:40 am","KIMS","Largecap","Healthcare"
"17-09-2026 9:40 am","VIJAYA","Midcap","Healthcare"
"17-09-2026 9:40 am","TEGA","Midcap","Industrials"
"17-09-2026 9:40 am","SYRMA","Largecap","Consumer Discretionary"
"17-09-2026 9:40 am","INDGN","Midcap","Healthcare"
"17-09-2026 9:45 am","GESHIP","Largecap","Transportation"
"17-09-2026 9:45 am","ANANTRAJ","Largecap","Realty"
"17-09-2026 9:45 am","HBLENGINE","Largecap","Auto"
"17-09-2026 9:45 am","INDIACEM","Midcap","Building Materials"
"17-09-2026 9:45 am","GRANULES","Largecap","Healthcare"
"17-09-2026 9:45 am","ACE","Midcap","Industrials"
"17-09-2026 9:45 am","REDINGTON","Largecap","Services"
"17-09-2026 9:45 am","KIRLOSENG","Largecap","Industrials"
"17-09-2026 9:45 am","SBICARD","Largecap","Financials"
"17-09-2026 9:45 am","GLAND","Largecap","Healthcare"
"17-09-2026 9:45 am","KIMS","Largecap","Healthcare"
"17-09-2026 9:45 am","VIJAYA","Midcap","Healthcare"
"17-09-2026 9:45 am","TEGA","Midcap","Industrials"
"17-09-2026 9:45 am","SYRMA","Largecap","Consumer Discretionary"
"17-09-2026 9:45 am","INDGN","Midcap","Healthcare"
"17-09-2026 9:50 am","GESHIP","Largecap","Transportation"
"17-09-2026 9:50 am","ANANTRAJ","Largecap","Realty"
"17-09-2026 9:50 am","HBLENGINE","Largecap","Auto"
"17-09-2026 9:50 am","INDIACEM","Midcap","Building Materials"
"17-09-2026 9:50 am","GRANULES","Largecap","Healthcare"
"17-09-2026 9:50 am","ACE","Midcap","Industrials"
"17-09-2026 9:50 am","REDINGTON","Largecap","Services"
"17-09-2026 9:50 am","KIRLOSENG","Largecap","Industrials"
"17-09-2026 9:50 am","SBICARD","Largecap","Financials"
"17-09-2026 9:50 am","GLAND","Largecap","Healthcare"
"17-09-2026 9:50 am","KIMS","Largecap","Healthcare"
"17-09-2026 9:50 am","VIJAYA","Midcap","Healthcare"
"17-09-2026 9:50 am","TEGA","Midcap","Industrials"
"17-09-2026 9:50 am","SYRMA","Largecap","Consumer Discretionary"
"17-09-2026 9:50 am","INDGN","Midcap","Healthcare"
"17-09-2026 9:55 am","GESHIP","Largecap","Transportation"
"17-09-2026 9:55 am","ANANTRAJ","Largecap","Realty"
"17-09-2026 9:55 am","HBLENGINE","Largecap","Auto"
"17-09-2026 9:55 am","INDIACEM","Midcap","Building Materials"
"17-09-2026 9:55 am","GRANULES","Largecap","Healthcare"
"17-09-2026 9:55 am","ACE","Midcap","Industrials"
"17-09-2026 9:55 am","REDINGTON","Largecap","Services"
"17-09-2026 9:55 am","KIRLOSENG","Largecap","Industrials"
"17-09-2026 9:55 am","SBICARD","Largecap","Financials"
"17-09-2026 9:55 am","GLAND","Largecap","Healthcare"
"17-09-2026 9:55 am","KIMS","Largecap","Healthcare"
"17-09-2026 9:55 am","VIJAYA","Midcap","Healthcare"
"17-09-2026 9:55 am","TEGA","Midcap","Industrials"
"17-09-2026 9:55 am","SYRMA","Largecap","Consumer Discretionary"
"17-09-2026 9:55 am","INDGN","Midcap","Healthcare"
"17-09-2026 10:00 am","GESHIP","Largecap","Transportation"
"17-09-2026 10:00 am","ANANTRAJ","Largecap","Realty"
"17-09-2026 10:00 am","HBLENGINE","Largecap","Auto"
"17-09-2026 10:00 am","INDIACEM","Midcap","Building Materials"
"17-09-2026 10:00 am","GRANULES","Largecap","Healthcare"
"17-09-2026 10:00 am","ACE","Midcap","Industrials"
"17-09-2026 10:00 am","REDINGTON","Largecap","Services"
"17-09-2026 10:00 am","ASTRAL","Largecap","Plastic products"
"17-09-2026 10:00 am","KIRLOSENG","Largecap","Industrials"
"17-09-2026 10:00 am","SBICARD","Largecap","Financials"
"17-09-2026 10:00 am","GLAND","Largecap","Healthcare"
"17-09-2026 10:00 am","KIMS","Largecap","Healthcare"
"17-09-2026 10:00 am","VIJAYA","Midcap","Healthcare"
"17-09-2026 10:00 am","TEGA","Midcap","Industrials"
"17-09-2026 10:00 am","SYRMA","Largecap","Consumer Discretionary"
"17-09-2026 10:00 am","INDGN","Midcap","Healthcare"
"17-09-2026 10:05 am","GESHIP","Largecap","Transportation"
"17-09-2026 10:05 am","ANANTRAJ","Largecap","Realty"
"17-09-2026 10:05 am","HBLENGINE","Largecap","Auto"
"17-09-2026 10:05 am","INDIACEM","Midcap","Building Materials"
"17-09-2026 10:05 am","GRANULES","Largecap","Healthcare"
"17-09-2026 10:05 am","ACE","Midcap","Industrials"
"17-09-2026 10:05 am","REDINGTON","Largecap","Services"
"17-09-2026 10:05 am","ASTRAL","Largecap","Plastic products"
"17-09-2026 10:05 am","KIRLOSENG","Largecap","Industrials"
"17-09-2026 10:05 am","SBICARD","Largecap","Financials"
"17-09-2026 10:05 am","GLAND","Largecap","Healthcare"
"17-09-2026 10:05 am","KIMS","Largecap","Healthcare"
"17-09-2026 10:05 am","VIJAYA","Midcap","Healthcare"
"17-09-2026 10:05 am","TEGA","Midcap","Industrials"
"17-09-2026 10:05 am","SYRMA","Largecap","Consumer Discretionary"
"17-09-2026 10:05 am","INDGN","Midcap","Healthcare"
"17-09-2026 10:10 am","GESHIP","Largecap","Transportation"
"17-09-2026 10:10 am","ANANTRAJ","Largecap","Realty"
"17-09-2026 10:10 am","HBLENGINE","Largecap","Auto"
"17-09-2026 10:10 am","INDIACEM","Midcap","Building Materials"
"17-09-2026 10:10 am","GRANULES","Largecap","Healthcare"
"17-09-2026 10:10 am","ACE","Midcap","Industrials"
"17-09-2026 10:10 am","REDINGTON","Largecap","Services"
"17-09-2026 10:10 am","ASTRAL","Largecap","Plastic products"
"17-09-2026 10:10 am","KIRLOSENG","Largecap","Industrials"
"17-09-2026 10:10 am","SBICARD","Largecap","Financials"
"17-09-2026 10:10 am","GLAND","Largecap","Healthcare"
"17-09-2026 10:10 am","KIMS","Largecap","Healthcare"
"17-09-2026 10:10 am","VIJAYA","Midcap","Healthcare"
"17-09-2026 10:10 am","TEGA","Midcap","Industrials"
"17-09-2026 10:10 am","SYRMA","Largecap","Consumer Discretionary"
"17-09-2026 10:10 am","INDGN","Midcap","Healthcare"
"17-09-2026 10:15 am","GESHIP","Largecap","Transportation"
"17-09-2026 10:15 am","ANANTRAJ","Largecap","Realty"
"17-09-2026 10:15 am","HBLENGINE","Largecap","Auto"
"17-09-2026 10:15 am","INDIACEM","Midcap","Building Materials"
"17-09-2026 10:15 am","GRANULES","Largecap","Healthcare"
"17-09-2026 10:15 am","ACE","Midcap","Industrials"
"17-09-2026 10:15 am","REDINGTON","Largecap","Services"
"17-09-2026 10:15 am","ASTRAL","Largecap","Plastic products"
"17-09-2026 10:15 am","KIRLOSENG","Largecap","Industrials"
"17-09-2026 10:15 am","SBICARD","Largecap","Financials"
"17-09-2026 10:15 am","GLAND","Largecap","Healthcare"
"17-09-2026 10:15 am","KIMS","Largecap","Healthcare"
"17-09-2026 10:15 am","VIJAYA","Midcap","Healthcare"
"17-09-2026 10:15 am","TEGA","Midcap","Industrials"
"17-09-2026 10:15 am","SYRMA","Largecap","Consumer Discretionary"
"17-09-2026 10:15 am","INDGN","Midcap","Healthcare"
"17-09-2026 10:20 am","GESHIP","Largecap","Transportation"
"17-09-2026 10:20 am","ANANTRAJ","Largecap","Realty"
"17-09-2026 10:20 am","HBLENGINE","Largecap","Auto"
"17-09-2026 10:20 am","INDIACEM","Midcap","Building Materials"
"17-09-2026 10:20 am","GRANULES","Largecap","Healthcare"
"17-09-2026 10:20 am","ACE","Midcap","Industrials"
"17-09-2026 10:20 am","REDINGTON","Largecap","Services"
"17-09-2026 10:20 am","ASTRAL","Largecap","Plastic products"
"17-09-2026 10:20 am","KIRLOSENG","Largecap","Industrials"
"17-09-2026 10:20 am","SBICARD","Largecap","Financials"
"17-09-2026 10:20 am","GLAND","Largecap","Healthcare"
"17-09-2026 10:20 am","KIMS","Largecap","Healthcare"
"17-09-2026 10:20 am","VIJAYA","Midcap","Healthcare"
"17-09-2026 10:20 am","TEGA","Midcap","Industrials"
"17-09-2026 10:20 am","SYRMA","Largecap","Consumer Discretionary"
"17-09-2026 10:20 am","INDGN","Midcap","Healthcare"
"17-09-2026 10:25 am","GESHIP","Largecap","Transportation"
"17-09-2026 10:25 am","ANANTRAJ","Largecap","Realty"
"17-09-2026 10:25 am","HBLENGINE","Largecap","Auto"
"17-09-2026 10:25 am","INDIACEM","Midcap","Building Materials"
"17-09-2026 10:25 am","GRANULES","Largecap","Healthcare"
"17-09-2026 10:25 am","ACE","Midcap","Industrials"
"17-09-2026 10:25 am","REDINGTON","Largecap","Services"
"17-09-2026 10:25 am","ASTRAL","Largecap","Plastic products"
"17-09-2026 10:25 am","SBICARD","Largecap","Financials"
"17-09-2026 10:25 am","GLAND","Largecap","Healthcare"
"17-09-2026 10:25 am","KIMS","Largecap","Healthcare"
"17-09-2026 10:25 am","VIJAYA","Midcap","Healthcare"
"17-09-2026 10:25 am","TEGA","Midcap","Industrials"
"17-09-2026 10:25 am","SYRMA","Largecap","Consumer Discretionary"
"17-09-2026 10:25 am","INDGN","Midcap","Healthcare"
"17-09-2026 10:30 am","GESHIP","Largecap","Transportation"
"17-09-2026 10:30 am","ANANTRAJ","Largecap","Realty"
"17-09-2026 10:30 am","HBLENGINE","Largecap","Auto"
"17-09-2026 10:30 am","INDIACEM","Midcap","Building Materials"
"17-09-2026 10:30 am","GRANULES","Largecap","Healthcare"
"17-09-2026 10:30 am","ACE","Midcap","Industrials"
"17-09-2026 10:30 am","REDINGTON","Largecap","Services"
"17-09-2026 10:30 am","ASTRAL","Largecap","Plastic products"
"17-09-2026 10:30 am","KIRLOSENG","Largecap","Industrials"
"17-09-2026 10:30 am","SBICARD","Largecap","Financials"
"17-09-2026 10:30 am","GLAND","Largecap","Healthcare"
"17-09-2026 10:30 am","VIJAYA","Midcap","Healthcare"
"17-09-2026 10:30 am","TEGA","Midcap","Industrials"
"17-09-2026 10:30 am","SYRMA","Largecap","Consumer Discretionary"
"17-09-2026 10:30 am","INDGN","Midcap","Healthcare"
"17-09-2026 10:35 am","GESHIP","Largecap","Transportation"
"17-09-2026 10:35 am","ANANTRAJ","Largecap","Realty"
"17-09-2026 10:35 am","HBLENGINE","Largecap","Auto"
"17-09-2026 10:35 am","INDIACEM","Midcap","Building Materials"
"17-09-2026 10:35 am","GRANULES","Largecap","Healthcare"
"17-09-2026 10:35 am","ACE","Midcap","Industrials"
"17-09-2026 10:35 am","REDINGTON","Largecap","Services"
"17-09-2026 10:35 am","ASTRAL","Largecap","Plastic products"
"17-09-2026 10:35 am","KIRLOSENG","Largecap","Industrials"
"17-09-2026 10:35 am","SBICARD","Largecap","Financials"
"17-09-2026 10:35 am","GLAND","Largecap","Healthcare"
"17-09-2026 10:35 am","VIJAYA","Midcap","Healthcare"
"17-09-2026 10:35 am","TEGA","Midcap","Industrials"
"17-09-2026 10:35 am","SYRMA","Largecap","Consumer Discretionary"
"17-09-2026 10:35 am","INDGN","Midcap","Healthcare"
"17-09-2026 10:40 am","GESHIP","Largecap","Transportation"
"17-09-2026 10:40 am","ANANTRAJ","Largecap","Realty"
"17-09-2026 10:40 am","HBLENGINE","Largecap","Auto"
"17-09-2026 10:40 am","INDIACEM","Midcap","Building Materials"
"17-09-2026 10:40 am","GRANULES","Largecap","Healthcare"
"17-09-2026 10:40 am","ACE","Midcap","Industrials"
"17-09-2026 10:40 am","REDINGTON","Largecap","Services"
"17-09-2026 10:40 am","ASTRAL","Largecap","Plastic products"
"17-09-2026 10:40 am","KIRLOSENG","Largecap","Industrials"
"17-09-2026 10:40 am","SBICARD","Largecap","Financials"
"17-09-2026 10:40 am","GLAND","Largecap","Healthcare"
"17-09-2026 10:40 am","VIJAYA","Midcap","Healthcare"
"17-09-2026 10:40 am","TEGA","Midcap","Industrials"
"17-09-2026 10:40 am","SYRMA","Largecap","Consumer Discretionary"
"17-09-2026 10:40 am","INDGN","Midcap","Healthcare"
"17-09-2026 10:45 am","GESHIP","Largecap","Transportation"
"17-09-2026 10:45 am","ANANTRAJ","Largecap","Realty"
"17-09-2026 10:45 am","HBLENGINE","Largecap","Auto"
"17-09-2026 10:45 am","INDIACEM","Midcap","Building Materials"
"17-09-2026 10:45 am","GRANULES","Largecap","Healthcare"
"17-09-2026 10:45 am","ACE","Midcap","Industrials"
"17-09-2026 10:45 am","REDINGTON","Largecap","Services"
"17-09-2026 10:45 am","ASTRAL","Largecap","Plastic products"
"17-09-2026 10:45 am","KIRLOSENG","Largecap","Industrials"
"17-09-2026 10:45 am","SBICARD","Largecap","Financials"
"17-09-2026 10:45 am","GLAND","Largecap","Healthcare"
"17-09-2026 10:45 am","VIJAYA","Midcap","Healthcare"
"17-09-2026 10:45 am","TEGA","Midcap","Industrials"
"17-09-2026 10:45 am","SYRMA","Largecap","Consumer Discretionary"
"17-09-2026 10:45 am","INDGN","Midcap","Healthcare"
"17-09-2026 10:50 am","GESHIP","Largecap","Transportation"
"17-09-2026 10:50 am","ANANTRAJ","Largecap","Realty"
"17-09-2026 10:50 am","HBLENGINE","Largecap","Auto"
"17-09-2026 10:50 am","INDIACEM","Midcap","Building Materials"
"17-09-2026 10:50 am","GRANULES","Largecap","Healthcare"
"17-09-2026 10:50 am","ACE","Midcap","Industrials"
"17-09-2026 10:50 am","REDINGTON","Largecap","Services"
"17-09-2026 10:50 am","ASTRAL","Largecap","Plastic products"
"17-09-2026 10:50 am","KIRLOSENG","Largecap","Industrials"
"17-09-2026 10:50 am","SBICARD","Largecap","Financials"
"17-09-2026 10:50 am","GLAND","Largecap","Healthcare"
"17-09-2026 10:50 am","VIJAYA","Midcap","Healthcare"
"17-09-2026 10:50 am","TEGA","Midcap","Industrials"
"17-09-2026 10:50 am","SYRMA","Largecap","Consumer Discretionary"
"17-09-2026 10:50 am","INDGN","Midcap","Healthcare"
"17-09-2026 10:55 am","GESHIP","Largecap","Transportation"
"17-09-2026 10:55 am","ANANTRAJ","Largecap","Realty"
"17-09-2026 10:55 am","HBLENGINE","Largecap","Auto"
"17-09-2026 10:55 am","INDIACEM","Midcap","Building Materials"
"17-09-2026 10:55 am","GRANULES","Largecap","Healthcare"
"17-09-2026 10:55 am","ACE","Midcap","Industrials"
"17-09-2026 10:55 am","REDINGTON","Largecap","Services"
"17-09-2026 10:55 am","ASTRAL","Largecap","Plastic products"
"17-09-2026 10:55 am","KIRLOSENG","Largecap","Industrials"
"17-09-2026 10:55 am","SBICARD","Largecap","Financials"
"17-09-2026 10:55 am","GLAND","Largecap","Healthcare"
"17-09-2026 10:55 am","VIJAYA","Midcap","Healthcare"
"17-09-2026 10:55 am","TEGA","Midcap","Industrials"
"17-09-2026 10:55 am","SYRMA","Largecap","Consumer Discretionary"
"17-09-2026 10:55 am","INDGN","Midcap","Healthcare"
"17-09-2026 11:00 am","GESHIP","Largecap","Transportation"
"17-09-2026 11:00 am","HBLENGINE","Largecap","Auto"
"17-09-2026 11:00 am","INDIACEM","Midcap","Building Materials"
"17-09-2026 11:00 am","GRANULES","Largecap","Healthcare"
"17-09-2026 11:00 am","ACE","Midcap","Industrials"
"17-09-2026 11:00 am","REDINGTON","Largecap","Services"
"17-09-2026 11:00 am","ASTRAL","Largecap","Plastic products"
"17-09-2026 11:00 am","KIRLOSENG","Largecap","Industrials"
"17-09-2026 11:00 am","SBICARD","Largecap","Financials"
"17-09-2026 11:00 am","GLAND","Largecap","Healthcare"
"17-09-2026 11:00 am","VIJAYA","Midcap","Healthcare"
"17-09-2026 11:00 am","TEGA","Midcap","Industrials"
"17-09-2026 11:00 am","SYRMA","Largecap","Consumer Discretionary"
"17-09-2026 11:00 am","INDGN","Midcap","Healthcare"
"17-09-2026 11:05 am","GESHIP","Largecap","Transportation"
"17-09-2026 11:05 am","HBLENGINE","Largecap","Auto"
"17-09-2026 11:05 am","INDIACEM","Midcap","Building Materials"
"17-09-2026 11:05 am","GRANULES","Largecap","Healthcare"
"17-09-2026 11:05 am","ACE","Midcap","Industrials"
"17-09-2026 11:05 am","REDINGTON","Largecap","Services"
"17-09-2026 11:05 am","KIRLOSENG","Largecap","Industrials"
"17-09-2026 11:05 am","SBICARD","Largecap","Financials"
"17-09-2026 11:05 am","GLAND","Largecap","Healthcare"
"17-09-2026 11:05 am","VIJAYA","Midcap","Healthcare"
"17-09-2026 11:05 am","TEGA","Midcap","Industrials"
"17-09-2026 11:05 am","SYRMA","Largecap","Consumer Discretionary"
"17-09-2026 11:05 am","INDGN","Midcap","Healthcare"
"17-09-2026 11:10 am","GESHIP","Largecap","Transportation"
"17-09-2026 11:10 am","HBLENGINE","Largecap","Auto"
"17-09-2026 11:10 am","INDIACEM","Midcap","Building Materials"
"17-09-2026 11:10 am","GRANULES","Largecap","Healthcare"
"17-09-2026 11:10 am","ACE","Midcap","Industrials"
"17-09-2026 11:10 am","REDINGTON","Largecap","Services"
"17-09-2026 11:10 am","KIRLOSENG","Largecap","Industrials"
"17-09-2026 11:10 am","SBICARD","Largecap","Financials"
"17-09-2026 11:10 am","GLAND","Largecap","Healthcare"
"17-09-2026 11:10 am","TEGA","Midcap","Industrials"
"17-09-2026 11:10 am","SYRMA","Largecap","Consumer Discretionary"
"17-09-2026 11:10 am","INDGN","Midcap","Healthcare"
"17-09-2026 11:15 am","GESHIP","Largecap","Transportation"
"17-09-2026 11:15 am","HBLENGINE","Largecap","Auto"
"17-09-2026 11:15 am","INDIACEM","Midcap","Building Materials"
"17-09-2026 11:15 am","GRANULES","Largecap","Healthcare"
"17-09-2026 11:15 am","ACE","Midcap","Industrials"
"17-09-2026 11:15 am","REDINGTON","Largecap","Services"
"17-09-2026 11:15 am","KIRLOSENG","Largecap","Industrials"
"17-09-2026 11:15 am","SBICARD","Largecap","Financials"
"17-09-2026 11:15 am","GLAND","Largecap","Healthcare"
"17-09-2026 11:15 am","TEGA","Midcap","Industrials"
"17-09-2026 11:15 am","SYRMA","Largecap","Consumer Discretionary"
"17-09-2026 11:15 am","INDGN","Midcap","Healthcare"
"17-09-2026 11:20 am","GESHIP","Largecap","Transportation"
"17-09-2026 11:20 am","HBLENGINE","Largecap","Auto"
"17-09-2026 11:20 am","INDIACEM","Midcap","Building Materials"
"17-09-2026 11:20 am","GRANULES","Largecap","Healthcare"
"17-09-2026 11:20 am","ACE","Midcap","Industrials"
"17-09-2026 11:20 am","REDINGTON","Largecap","Services"
"17-09-2026 11:20 am","KIRLOSENG","Largecap","Industrials"
"17-09-2026 11:20 am","SBICARD","Largecap","Financials"
"17-09-2026 11:20 am","GLAND","Largecap","Healthcare"
"17-09-2026 11:20 am","TEGA","Midcap","Industrials"
"17-09-2026 11:20 am","SYRMA","Largecap","Consumer Discretionary"
"17-09-2026 11:20 am","INDGN","Midcap","Healthcare"
"17-09-2026 11:25 am","GESHIP","Largecap","Transportation"
"17-09-2026 11:25 am","HBLENGINE","Largecap","Auto"
"17-09-2026 11:25 am","INDIACEM","Midcap","Building Materials"
"17-09-2026 11:25 am","GRANULES","Largecap","Healthcare"
"17-09-2026 11:25 am","ACE","Midcap","Industrials"
"17-09-2026 11:25 am","KIRLOSENG","Largecap","Industrials"
"17-09-2026 11:25 am","SBICARD","Largecap","Financials"
"17-09-2026 11:25 am","GLAND","Largecap","Healthcare"
"17-09-2026 11:25 am","TEGA","Midcap","Industrials"
"17-09-2026 11:25 am","SYRMA","Largecap","Consumer Discretionary"
"17-09-2026 11:25 am","INDGN","Midcap","Healthcare"
"17-09-2026 11:30 am","GESHIP","Largecap","Transportation"
"17-09-2026 11:30 am","HBLENGINE","Largecap","Auto"
"17-09-2026 11:30 am","INDIACEM","Midcap","Building Materials"
"17-09-2026 11:30 am","GRANULES","Largecap","Healthcare"
"17-09-2026 11:30 am","ACE","Midcap","Industrials"
"17-09-2026 11:30 am","KIRLOSENG","Largecap","Industrials"
"17-09-2026 11:30 am","SBICARD","Largecap","Financials"
"17-09-2026 11:30 am","GLAND","Largecap","Healthcare"
"17-09-2026 11:30 am","TEGA","Midcap","Industrials"
"17-09-2026 11:30 am","SYRMA","Largecap","Consumer Discretionary"
"17-09-2026 11:30 am","INDGN","Midcap","Healthcare"
"17-09-2026 11:35 am","GESHIP","Largecap","Transportation"
"17-09-2026 11:35 am","HBLENGINE","Largecap","Auto"
"17-09-2026 11:35 am","INDIACEM","Midcap","Building Materials"
"17-09-2026 11:35 am","GRANULES","Largecap","Healthcare"
"17-09-2026 11:35 am","ACE","Midcap","Industrials"
"17-09-2026 11:35 am","REDINGTON","Largecap","Services"
"17-09-2026 11:35 am","KIRLOSENG","Largecap","Industrials"
"17-09-2026 11:35 am","SBICARD","Largecap","Financials"
"17-09-2026 11:35 am","GLAND","Largecap","Healthcare"
"17-09-2026 11:35 am","VIJAYA","Midcap","Healthcare"
"17-09-2026 11:35 am","TEGA","Midcap","Industrials"
"17-09-2026 11:35 am","SYRMA","Largecap","Consumer Discretionary"
"17-09-2026 11:35 am","INDGN","Midcap","Healthcare"
"17-09-2026 11:40 am","GESHIP","Largecap","Transportation"
"17-09-2026 11:40 am","HBLENGINE","Largecap","Auto"
"17-09-2026 11:40 am","INDIACEM","Midcap","Building Materials"
"17-09-2026 11:40 am","GRANULES","Largecap","Healthcare"
"17-09-2026 11:40 am","ACE","Midcap","Industrials"
"17-09-2026 11:40 am","REDINGTON","Largecap","Services"
"17-09-2026 11:40 am","KIRLOSENG","Largecap","Industrials"
"17-09-2026 11:40 am","SBICARD","Largecap","Financials"
"17-09-2026 11:40 am","GLAND","Largecap","Healthcare"
"17-09-2026 11:40 am","VIJAYA","Midcap","Healthcare"
"17-09-2026 11:40 am","TEGA","Midcap","Industrials"
"17-09-2026 11:40 am","SYRMA","Largecap","Consumer Discretionary"
"17-09-2026 11:40 am","INDGN","Midcap","Healthcare"
"17-09-2026 11:45 am","GESHIP","Largecap","Transportation"
"17-09-2026 11:45 am","HBLENGINE","Largecap","Auto"
"17-09-2026 11:45 am","INDIACEM","Midcap","Building Materials"
"17-09-2026 11:45 am","GRANULES","Largecap","Healthcare"
"17-09-2026 11:45 am","ACE","Midcap","Industrials"
"17-09-2026 11:45 am","REDINGTON","Largecap","Services"
"17-09-2026 11:45 am","ASTRAL","Largecap","Plastic products"
"17-09-2026 11:45 am","KIRLOSENG","Largecap","Industrials"
"17-09-2026 11:45 am","SBICARD","Largecap","Financials"
"17-09-2026 11:45 am","GLAND","Largecap","Healthcare"
"17-09-2026 11:45 am","VIJAYA","Midcap","Healthcare"
"17-09-2026 11:45 am","TEGA","Midcap","Industrials"
"17-09-2026 11:45 am","SYRMA","Largecap","Consumer Discretionary"
"17-09-2026 11:45 am","INDGN","Midcap","Healthcare"
"17-09-2026 11:50 am","GESHIP","Largecap","Transportation"
"17-09-2026 11:50 am","HBLENGINE","Largecap","Auto"
"17-09-2026 11:50 am","INDIACEM","Midcap","Building Materials"
"17-09-2026 11:50 am","GRANULES","Largecap","Healthcare"
"17-09-2026 11:50 am","ACE","Midcap","Industrials"
"17-09-2026 11:50 am","REDINGTON","Largecap","Services"
"17-09-2026 11:50 am","ASTRAL","Largecap","Plastic products"
"17-09-2026 11:50 am","KIRLOSENG","Largecap","Industrials"
"17-09-2026 11:50 am","SBICARD","Largecap","Financials"
"17-09-2026 11:50 am","GLAND","Largecap","Healthcare"
"17-09-2026 11:50 am","KIMS","Largecap","Healthcare"
"17-09-2026 11:50 am","VIJAYA","Midcap","Healthcare"
"17-09-2026 11:50 am","TEGA","Midcap","Industrials"
"17-09-2026 11:50 am","SYRMA","Largecap","Consumer Discretionary"
"17-09-2026 11:50 am","INDGN","Midcap","Healthcare"
"17-09-2026 11:55 am","GESHIP","Largecap","Transportation"
"17-09-2026 11:55 am","HBLENGINE","Largecap","Auto"
"17-09-2026 11:55 am","INDIACEM","Midcap","Building Materials"
"17-09-2026 11:55 am","GRANULES","Largecap","Healthcare"
"17-09-2026 11:55 am","ACE","Midcap","Industrials"
"17-09-2026 11:55 am","REDINGTON","Largecap","Services"
"17-09-2026 11:55 am","ASTRAL","Largecap","Plastic products"
"17-09-2026 11:55 am","KIRLOSENG","Largecap","Industrials"
"17-09-2026 11:55 am","SBICARD","Largecap","Financials"
"17-09-2026 11:55 am","GLAND","Largecap","Healthcare"
"17-09-2026 11:55 am","KIMS","Largecap","Healthcare"
"17-09-2026 11:55 am","VIJAYA","Midcap","Healthcare"
"17-09-2026 11:55 am","TEGA","Midcap","Industrials"
"17-09-2026 11:55 am","SYRMA","Largecap","Consumer Discretionary"
"17-09-2026 11:55 am","INDGN","Midcap","Healthcare"
"17-09-2026 12:00 pm","GESHIP","Largecap","Transportation"
"17-09-2026 12:00 pm","TATAINVEST","Largecap","Financials"
"17-09-2026 12:00 pm","HBLENGINE","Largecap","Auto"
"17-09-2026 12:00 pm","INDIACEM","Midcap","Building Materials"
"17-09-2026 12:00 pm","GRANULES","Largecap","Healthcare"
"17-09-2026 12:00 pm","ACE","Midcap","Industrials"
"17-09-2026 12:00 pm","REDINGTON","Largecap","Services"
"17-09-2026 12:00 pm","ASTRAL","Largecap","Plastic products"
"17-09-2026 12:00 pm","KIRLOSENG","Largecap","Industrials"
"17-09-2026 12:00 pm","SBICARD","Largecap","Financials"
"17-09-2026 12:00 pm","GLAND","Largecap","Healthcare"
"17-09-2026 12:00 pm","KIMS","Largecap","Healthcare"
"17-09-2026 12:00 pm","VIJAYA","Midcap","Healthcare"
"17-09-2026 12:00 pm","TEGA","Midcap","Industrials"
"17-09-2026 12:00 pm","SYRMA","Largecap","Consumer Discretionary"
"17-09-2026 12:00 pm","INDGN","Midcap","Healthcare"
"17-09-2026 12:05 pm","GESHIP","Largecap","Transportation"
"17-09-2026 12:05 pm","TATAINVEST","Largecap","Financials"
"17-09-2026 12:05 pm","HBLENGINE","Largecap","Auto"
"17-09-2026 12:05 pm","INDIACEM","Midcap","Building Materials"
"17-09-2026 12:05 pm","GRANULES","Largecap","Healthcare"
"17-09-2026 12:05 pm","ACE","Midcap","Industrials"
"17-09-2026 12:05 pm","REDINGTON","Largecap","Services"
"17-09-2026 12:05 pm","ASTRAL","Largecap","Plastic products"
"17-09-2026 12:05 pm","KIRLOSENG","Largecap","Industrials"
"17-09-2026 12:05 pm","SBICARD","Largecap","Financials"
"17-09-2026 12:05 pm","GLAND","Largecap","Healthcare"
"17-09-2026 12:05 pm","KIMS","Largecap","Healthcare"
"17-09-2026 12:05 pm","VIJAYA","Midcap","Healthcare"
"17-09-2026 12:05 pm","TEGA","Midcap","Industrials"
"17-09-2026 12:05 pm","INDGN","Midcap","Healthcare"
"17-09-2026 12:10 pm","GESHIP","Largecap","Transportation"
"17-09-2026 12:10 pm","TATAINVEST","Largecap","Financials"
"17-09-2026 12:10 pm","ANANTRAJ","Largecap","Realty"
"17-09-2026 12:10 pm","HBLENGINE","Largecap","Auto"
"17-09-2026 12:10 pm","INDIACEM","Midcap","Building Materials"
"17-09-2026 12:10 pm","GRANULES","Largecap","Healthcare"
"17-09-2026 12:10 pm","ACE","Midcap","Industrials"
"17-09-2026 12:10 pm","REDINGTON","Largecap","Services"
"17-09-2026 12:10 pm","ASTRAL","Largecap","Plastic products"
"17-09-2026 12:10 pm","KIRLOSENG","Largecap","Industrials"
"17-09-2026 12:10 pm","SBICARD","Largecap","Financials"
"17-09-2026 12:10 pm","GLAND","Largecap","Healthcare"
"17-09-2026 12:10 pm","KIMS","Largecap","Healthcare"
"17-09-2026 12:10 pm","VIJAYA","Midcap","Healthcare"
"17-09-2026 12:10 pm","TEGA","Midcap","Industrials"
"17-09-2026 12:10 pm","INDGN","Midcap","Healthcare"
"17-09-2026 12:15 pm","GESHIP","Largecap","Transportation"
"17-09-2026 12:15 pm","TATAINVEST","Largecap","Financials"
"17-09-2026 12:15 pm","ANANTRAJ","Largecap","Realty"
"17-09-2026 12:15 pm","HBLENGINE","Largecap","Auto"
"17-09-2026 12:15 pm","INDIACEM","Midcap","Building Materials"
"17-09-2026 12:15 pm","GRANULES","Largecap","Healthcare"
"17-09-2026 12:15 pm","ACE","Midcap","Industrials"
"17-09-2026 12:15 pm","REDINGTON","Largecap","Services"
"17-09-2026 12:15 pm","ASTRAL","Largecap","Plastic products"
"17-09-2026 12:15 pm","KIRLOSENG","Largecap","Industrials"
"17-09-2026 12:15 pm","SBICARD","Largecap","Financials"
"17-09-2026 12:15 pm","GLAND","Largecap","Healthcare"
"17-09-2026 12:15 pm","KIMS","Largecap","Healthcare"
"17-09-2026 12:15 pm","VIJAYA","Midcap","Healthcare"
"17-09-2026 12:15 pm","TEGA","Midcap","Industrials"
"17-09-2026 12:15 pm","INDGN","Midcap","Healthcare"
"17-09-2026 12:20 pm","GESHIP","Largecap","Transportation"
"17-09-2026 12:20 pm","TATAINVEST","Largecap","Financials"
"17-09-2026 12:20 pm","ANANTRAJ","Largecap","Realty"
"17-09-2026 12:20 pm","HBLENGINE","Largecap","Auto"
"17-09-2026 12:20 pm","INDIACEM","Midcap","Building Materials"
"17-09-2026 12:20 pm","GRANULES","Largecap","Healthcare"
"17-09-2026 12:20 pm","ACE","Midcap","Industrials"
"17-09-2026 12:20 pm","REDINGTON","Largecap","Services"
"17-09-2026 12:20 pm","ASTRAL","Largecap","Plastic products"
"17-09-2026 12:20 pm","KIRLOSENG","Largecap","Industrials"
"17-09-2026 12:20 pm","SBICARD","Largecap","Financials"
"17-09-2026 12:20 pm","GLAND","Largecap","Healthcare"
"17-09-2026 12:20 pm","KIMS","Largecap","Healthcare"
"17-09-2026 12:20 pm","VIJAYA","Midcap","Healthcare"
"17-09-2026 12:20 pm","TEGA","Midcap","Industrials"
"17-09-2026 12:20 pm","INDGN","Midcap","Healthcare"
"17-09-2026 12:25 pm","GESHIP","Largecap","Transportation"
"17-09-2026 12:25 pm","TATAINVEST","Largecap","Financials"
"17-09-2026 12:25 pm","ANANTRAJ","Largecap","Realty"
"17-09-2026 12:25 pm","HBLENGINE","Largecap","Auto"
"17-09-2026 12:25 pm","INDIACEM","Midcap","Building Materials"
"17-09-2026 12:25 pm","GRANULES","Largecap","Healthcare"
"17-09-2026 12:25 pm","ACE","Midcap","Industrials"
"17-09-2026 12:25 pm","REDINGTON","Largecap","Services"
"17-09-2026 12:25 pm","ASTRAL","Largecap","Plastic products"
"17-09-2026 12:25 pm","KIRLOSENG","Largecap","Industrials"
"17-09-2026 12:25 pm","SBICARD","Largecap","Financials"
"17-09-2026 12:25 pm","GLAND","Largecap","Healthcare"
"17-09-2026 12:25 pm","KIMS","Largecap","Healthcare"
"17-09-2026 12:25 pm","VIJAYA","Midcap","Healthcare"
"17-09-2026 12:25 pm","TEGA","Midcap","Industrials"
"17-09-2026 12:25 pm","INDGN","Midcap","Healthcare"
"17-09-2026 12:30 pm","GESHIP","Largecap","Transportation"
"17-09-2026 12:30 pm","TATAINVEST","Largecap","Financials"
"17-09-2026 12:30 pm","ANANTRAJ","Largecap","Realty"
"17-09-2026 12:30 pm","HBLENGINE","Largecap","Auto"
"17-09-2026 12:30 pm","INDIACEM","Midcap","Building Materials"
"17-09-2026 12:30 pm","GRANULES","Largecap","Healthcare"
"17-09-2026 12:30 pm","ACE","Midcap","Industrials"
"17-09-2026 12:30 pm","REDINGTON","Largecap","Services"
"17-09-2026 12:30 pm","ASTRAL","Largecap","Plastic products"
"17-09-2026 12:30 pm","KIRLOSENG","Largecap","Industrials"
"17-09-2026 12:30 pm","SBICARD","Largecap","Financials"
"17-09-2026 12:30 pm","GLAND","Largecap","Healthcare"
"17-09-2026 12:30 pm","KIMS","Largecap","Healthcare"
"17-09-2026 12:30 pm","VIJAYA","Midcap","Healthcare"
"17-09-2026 12:30 pm","TEGA","Midcap","Industrials"
"17-09-2026 12:30 pm","INDGN","Midcap","Healthcare"
"17-09-2026 12:35 pm","GESHIP","Largecap","Transportation"
"17-09-2026 12:35 pm","TATAINVEST","Largecap","Financials"
"17-09-2026 12:35 pm","ANANTRAJ","Largecap","Realty"
"17-09-2026 12:35 pm","HBLENGINE","Largecap","Auto"
"17-09-2026 12:35 pm","INDIACEM","Midcap","Building Materials"
"17-09-2026 12:35 pm","GRANULES","Largecap","Healthcare"
"17-09-2026 12:35 pm","ACE","Midcap","Industrials"
"17-09-2026 12:35 pm","REDINGTON","Largecap","Services"
"17-09-2026 12:35 pm","ASTRAL","Largecap","Plastic products"
"17-09-2026 12:35 pm","KIRLOSENG","Largecap","Industrials"
"17-09-2026 12:35 pm","SBICARD","Largecap","Financials"
"17-09-2026 12:35 pm","GLAND","Largecap","Healthcare"
"17-09-2026 12:35 pm","KIMS","Largecap","Healthcare"
"17-09-2026 12:35 pm","VIJAYA","Midcap","Healthcare"
"17-09-2026 12:35 pm","TEGA","Midcap","Industrials"
"17-09-2026 12:35 pm","INDGN","Midcap","Healthcare"
"17-09-2026 12:40 pm","GESHIP","Largecap","Transportation"
"17-09-2026 12:40 pm","TATAINVEST","Largecap","Financials"
"17-09-2026 12:40 pm","ANANTRAJ","Largecap","Realty"
"17-09-2026 12:40 pm","HBLENGINE","Largecap","Auto"
"17-09-2026 12:40 pm","INDIACEM","Midcap","Building Materials"
"17-09-2026 12:40 pm","GRANULES","Largecap","Healthcare"
"17-09-2026 12:40 pm","ACE","Midcap","Industrials"
"17-09-2026 12:40 pm","REDINGTON","Largecap","Services"
"17-09-2026 12:40 pm","ASTRAL","Largecap","Plastic products"
"17-09-2026 12:40 pm","KIRLOSENG","Largecap","Industrials"
"17-09-2026 12:40 pm","SBICARD","Largecap","Financials"
"17-09-2026 12:40 pm","GLAND","Largecap","Healthcare"
"17-09-2026 12:40 pm","KIMS","Largecap","Healthcare"
"17-09-2026 12:40 pm","VIJAYA","Midcap","Healthcare"
"17-09-2026 12:40 pm","TEGA","Midcap","Industrials"
"17-09-2026 12:40 pm","INDGN","Midcap","Healthcare"
"17-09-2026 12:45 pm","GESHIP","Largecap","Transportation"
"17-09-2026 12:45 pm","TATAINVEST","Largecap","Financials"
"17-09-2026 12:45 pm","ANANTRAJ","Largecap","Realty"
"17-09-2026 12:45 pm","HBLENGINE","Largecap","Auto"
"17-09-2026 12:45 pm","INDIACEM","Midcap","Building Materials"
"17-09-2026 12:45 pm","GRANULES","Largecap","Healthcare"
"17-09-2026 12:45 pm","ACE","Midcap","Industrials"
"17-09-2026 12:45 pm","REDINGTON","Largecap","Services"
"17-09-2026 12:45 pm","ASTRAL","Largecap","Plastic products"
"17-09-2026 12:45 pm","KIRLOSENG","Largecap","Industrials"
"17-09-2026 12:45 pm","SBICARD","Largecap","Financials"
"17-09-2026 12:45 pm","GLAND","Largecap","Healthcare"
"17-09-2026 12:45 pm","KIMS","Largecap","Healthcare"
"17-09-2026 12:45 pm","VIJAYA","Midcap","Healthcare"
"17-09-2026 12:45 pm","TEGA","Midcap","Industrials"
"17-09-2026 12:45 pm","INDGN","Midcap","Healthcare"
"17-09-2026 12:50 pm","GESHIP","Largecap","Transportation"
"17-09-2026 12:50 pm","TATAINVEST","Largecap","Financials"
"17-09-2026 12:50 pm","ANANTRAJ","Largecap","Realty"
"17-09-2026 12:50 pm","HBLENGINE","Largecap","Auto"
"17-09-2026 12:50 pm","INDIACEM","Midcap","Building Materials"
"17-09-2026 12:50 pm","GRANULES","Largecap","Healthcare"
"17-09-2026 12:50 pm","ACE","Midcap","Industrials"
"17-09-2026 12:50 pm","REDINGTON","Largecap","Services"
"17-09-2026 12:50 pm","ASTRAL","Largecap","Plastic products"
"17-09-2026 12:50 pm","KIRLOSENG","Largecap","Industrials"
"17-09-2026 12:50 pm","SBICARD","Largecap","Financials"
"17-09-2026 12:50 pm","GLAND","Largecap","Healthcare"
"17-09-2026 12:50 pm","KIMS","Largecap","Healthcare"
"17-09-2026 12:50 pm","VIJAYA","Midcap","Healthcare"
"17-09-2026 12:50 pm","TEGA","Midcap","Industrials"
"17-09-2026 12:50 pm","INDGN","Midcap","Healthcare"
"17-09-2026 12:55 pm","GESHIP","Largecap","Transportation"
"17-09-2026 12:55 pm","TATAINVEST","Largecap","Financials"
"17-09-2026 12:55 pm","ANANTRAJ","Largecap","Realty"
"17-09-2026 12:55 pm","HBLENGINE","Largecap","Auto"
"17-09-2026 12:55 pm","INDIACEM","Midcap","Building Materials"
"17-09-2026 12:55 pm","GRANULES","Largecap","Healthcare"
"17-09-2026 12:55 pm","ACE","Midcap","Industrials"
"17-09-2026 12:55 pm","REDINGTON","Largecap","Services"
"17-09-2026 12:55 pm","ASTRAL","Largecap","Plastic products"
"17-09-2026 12:55 pm","KIRLOSENG","Largecap","Industrials"
"17-09-2026 12:55 pm","SBICARD","Largecap","Financials"
"17-09-2026 12:55 pm","GLAND","Largecap","Healthcare"
"17-09-2026 12:55 pm","VIJAYA","Midcap","Healthcare"
"17-09-2026 12:55 pm","TEGA","Midcap","Industrials"
"17-09-2026 12:55 pm","SYRMA","Largecap","Consumer Discretionary"
"17-09-2026 12:55 pm","INDGN","Midcap","Healthcare"
"17-09-2026 1:00 pm","GESHIP","Largecap","Transportation"
"17-09-2026 1:00 pm","TATAINVEST","Largecap","Financials"
"17-09-2026 1:00 pm","ANANTRAJ","Largecap","Realty"
"17-09-2026 1:00 pm","HBLENGINE","Largecap","Auto"
"17-09-2026 1:00 pm","INDIACEM","Midcap","Building Materials"
"17-09-2026 1:00 pm","GRANULES","Largecap","Healthcare"
"17-09-2026 1:00 pm","ACE","Midcap","Industrials"
"17-09-2026 1:00 pm","REDINGTON","Largecap","Services"
"17-09-2026 1:00 pm","ASTRAL","Largecap","Plastic products"
"17-09-2026 1:00 pm","KIRLOSENG","Largecap","Industrials"
"17-09-2026 1:00 pm","SBICARD","Largecap","Financials"
"17-09-2026 1:00 pm","GLAND","Largecap","Healthcare"
"17-09-2026 1:00 pm","KIMS","Largecap","Healthcare"
"17-09-2026 1:00 pm","VIJAYA","Midcap","Healthcare"
"17-09-2026 1:00 pm","TEGA","Midcap","Industrials"
"17-09-2026 1:00 pm","SYRMA","Largecap","Consumer Discretionary"
"17-09-2026 1:00 pm","INDGN","Midcap","Healthcare"
"17-09-2026 1:05 pm","GESHIP","Largecap","Transportation"
"17-09-2026 1:05 pm","ANANTRAJ","Largecap","Realty"
"17-09-2026 1:05 pm","HBLENGINE","Largecap","Auto"
"17-09-2026 1:05 pm","INDIACEM","Midcap","Building Materials"
"17-09-2026 1:05 pm","GRANULES","Largecap","Healthcare"
"17-09-2026 1:05 pm","ACE","Midcap","Industrials"
"17-09-2026 1:05 pm","REDINGTON","Largecap","Services"
"17-09-2026 1:05 pm","ASTRAL","Largecap","Plastic products"
"17-09-2026 1:05 pm","KIRLOSENG","Largecap","Industrials"
"17-09-2026 1:05 pm","SBICARD","Largecap","Financials"
"17-09-2026 1:05 pm","GLAND","Largecap","Healthcare"
"17-09-2026 1:05 pm","VIJAYA","Midcap","Healthcare"
"17-09-2026 1:05 pm","TEGA","Midcap","Industrials"
"17-09-2026 1:05 pm","SYRMA","Largecap","Consumer Discretionary"
"17-09-2026 1:05 pm","INDGN","Midcap","Healthcare"
"17-09-2026 1:10 pm","GESHIP","Largecap","Transportation"
"17-09-2026 1:10 pm","ANANTRAJ","Largecap","Realty"
"17-09-2026 1:10 pm","HBLENGINE","Largecap","Auto"
"17-09-2026 1:10 pm","INDIACEM","Midcap","Building Materials"
"17-09-2026 1:10 pm","GRANULES","Largecap","Healthcare"
"17-09-2026 1:10 pm","ACE","Midcap","Industrials"
"17-09-2026 1:10 pm","REDINGTON","Largecap","Services"
"17-09-2026 1:10 pm","ASTRAL","Largecap","Plastic products"
"17-09-2026 1:10 pm","KIRLOSENG","Largecap","Industrials"
"17-09-2026 1:10 pm","SBICARD","Largecap","Financials"
"17-09-2026 1:10 pm","GLAND","Largecap","Healthcare"
"17-09-2026 1:10 pm","VIJAYA","Midcap","Healthcare"
"17-09-2026 1:10 pm","TEGA","Midcap","Industrials"
"17-09-2026 1:10 pm","SYRMA","Largecap","Consumer Discretionary"
"17-09-2026 1:10 pm","INDGN","Midcap","Healthcare"
"17-09-2026 1:15 pm","GESHIP","Largecap","Transportation"
"17-09-2026 1:15 pm","ANANTRAJ","Largecap","Realty"
"17-09-2026 1:15 pm","HBLENGINE","Largecap","Auto"
"17-09-2026 1:15 pm","INDIACEM","Midcap","Building Materials"
"17-09-2026 1:15 pm","GRANULES","Largecap","Healthcare"
"17-09-2026 1:15 pm","ACE","Midcap","Industrials"
"17-09-2026 1:15 pm","REDINGTON","Largecap","Services"
"17-09-2026 1:15 pm","ASTRAL","Largecap","Plastic products"
"17-09-2026 1:15 pm","KIRLOSENG","Largecap","Industrials"
"17-09-2026 1:15 pm","SBICARD","Largecap","Financials"
"17-09-2026 1:15 pm","GLAND","Largecap","Healthcare"
"17-09-2026 1:15 pm","VIJAYA","Midcap","Healthcare"
"17-09-2026 1:15 pm","TEGA","Midcap","Industrials"
"17-09-2026 1:15 pm","SYRMA","Largecap","Consumer Discretionary"
"17-09-2026 1:15 pm","INDGN","Midcap","Healthcare"
"17-09-2026 1:20 pm","GESHIP","Largecap","Transportation"
"17-09-2026 1:20 pm","ANANTRAJ","Largecap","Realty"
"17-09-2026 1:20 pm","HBLENGINE","Largecap","Auto"
"17-09-2026 1:20 pm","INDIACEM","Midcap","Building Materials"
"17-09-2026 1:20 pm","GRANULES","Largecap","Healthcare"
"17-09-2026 1:20 pm","ACE","Midcap","Industrials"
"17-09-2026 1:20 pm","REDINGTON","Largecap","Services"
"17-09-2026 1:20 pm","ASTRAL","Largecap","Plastic products"
"17-09-2026 1:20 pm","KIRLOSENG","Largecap","Industrials"
"17-09-2026 1:20 pm","SBICARD","Largecap","Financials"
"17-09-2026 1:20 pm","GLAND","Largecap","Healthcare"
"17-09-2026 1:20 pm","VIJAYA","Midcap","Healthcare"
"17-09-2026 1:20 pm","TEGA","Midcap","Industrials"
"17-09-2026 1:20 pm","SYRMA","Largecap","Consumer Discretionary"
"17-09-2026 1:20 pm","INDGN","Midcap","Healthcare"
"17-09-2026 1:25 pm","GESHIP","Largecap","Transportation"
"17-09-2026 1:25 pm","ANANTRAJ","Largecap","Realty"
"17-09-2026 1:25 pm","HBLENGINE","Largecap","Auto"
"17-09-2026 1:25 pm","GRANULES","Largecap","Healthcare"
"17-09-2026 1:25 pm","ACE","Midcap","Industrials"
"17-09-2026 1:25 pm","REDINGTON","Largecap","Services"
"17-09-2026 1:25 pm","ASTRAL","Largecap","Plastic products"
"17-09-2026 1:25 pm","KIRLOSENG","Largecap","Industrials"
"17-09-2026 1:25 pm","SBICARD","Largecap","Financials"
"17-09-2026 1:25 pm","GLAND","Largecap","Healthcare"
"17-09-2026 1:25 pm","VIJAYA","Midcap","Healthcare"
"17-09-2026 1:25 pm","TEGA","Midcap","Industrials"
"17-09-2026 1:25 pm","SYRMA","Largecap","Consumer Discretionary"
"17-09-2026 1:25 pm","INDGN","Midcap","Healthcare"
"17-09-2026 1:30 pm","GESHIP","Largecap","Transportation"
"17-09-2026 1:30 pm","HBLENGINE","Largecap","Auto"
"17-09-2026 1:30 pm","GRANULES","Largecap","Healthcare"
"17-09-2026 1:30 pm","ACE","Midcap","Industrials"
"17-09-2026 1:30 pm","REDINGTON","Largecap","Services"
"17-09-2026 1:30 pm","ASTRAL","Largecap","Plastic products"
"17-09-2026 1:30 pm","KIRLOSENG","Largecap","Industrials"
"17-09-2026 1:30 pm","SBICARD","Largecap","Financials"
"17-09-2026 1:30 pm","GLAND","Largecap","Healthcare"
"17-09-2026 1:30 pm","VIJAYA","Midcap","Healthcare"
"17-09-2026 1:30 pm","TEGA","Midcap","Industrials"
"17-09-2026 1:30 pm","SYRMA","Largecap","Consumer Discretionary"
"17-09-2026 1:30 pm","INDGN","Midcap","Healthcare"
"17-09-2026 1:35 pm","HBLENGINE","Largecap","Auto"
"17-09-2026 1:35 pm","ACE","Midcap","Industrials"
"17-09-2026 1:35 pm","REDINGTON","Largecap","Services"
"17-09-2026 1:35 pm","ASTRAL","Largecap","Plastic products"
"17-09-2026 1:35 pm","KIRLOSENG","Largecap","Industrials"
"17-09-2026 1:35 pm","SBICARD","Largecap","Financials"
"17-09-2026 1:35 pm","GLAND","Largecap","Healthcare"
"17-09-2026 1:35 pm","VIJAYA","Midcap","Healthcare"
"17-09-2026 1:35 pm","TEGA","Midcap","Industrials"
"17-09-2026 1:35 pm","SYRMA","Largecap","Consumer Discretionary"
"17-09-2026 1:35 pm","INDGN","Midcap","Healthcare"
"17-09-2026 1:40 pm","HBLENGINE","Largecap","Auto"
"17-09-2026 1:40 pm","ACE","Midcap","Industrials"
"17-09-2026 1:40 pm","ASTRAL","Largecap","Plastic products"
"17-09-2026 1:40 pm","KIRLOSENG","Largecap","Industrials"
"17-09-2026 1:40 pm","GLAND","Largecap","Healthcare"
"17-09-2026 1:40 pm","VIJAYA","Midcap","Healthcare"
"17-09-2026 1:40 pm","TEGA","Midcap","Industrials"
"17-09-2026 1:40 pm","INDGN","Midcap","Healthcare"
"17-09-2026 1:45 pm","HBLENGINE","Largecap","Auto"
"17-09-2026 1:45 pm","ACE","Midcap","Industrials"
"17-09-2026 1:45 pm","ASTRAL","Largecap","Plastic products"
"17-09-2026 1:45 pm","KIRLOSENG","Largecap","Industrials"
"17-09-2026 1:45 pm","GLAND","Largecap","Healthcare"
"17-09-2026 1:45 pm","VIJAYA","Midcap","Healthcare"
"17-09-2026 1:45 pm","TEGA","Midcap","Industrials"
"17-09-2026 1:45 pm","INDGN","Midcap","Healthcare"
"17-09-2026 1:50 pm","HBLENGINE","Largecap","Auto"
"17-09-2026 1:50 pm","ACE","Midcap","Industrials"
"17-09-2026 1:50 pm","ASTRAL","Largecap","Plastic products"
"17-09-2026 1:50 pm","KIRLOSENG","Largecap","Industrials"
"17-09-2026 1:50 pm","GLAND","Largecap","Healthcare"
"17-09-2026 1:50 pm","VIJAYA","Midcap","Healthcare"
"17-09-2026 1:50 pm","TEGA","Midcap","Industrials"
"17-09-2026 1:50 pm","INDGN","Midcap","Healthcare"
"17-09-2026 1:55 pm","HBLENGINE","Largecap","Auto"
"17-09-2026 1:55 pm","ACE","Midcap","Industrials"
"17-09-2026 1:55 pm","ASTRAL","Largecap","Plastic products"
"17-09-2026 1:55 pm","KIRLOSENG","Largecap","Industrials"
"17-09-2026 1:55 pm","GLAND","Largecap","Healthcare"
"17-09-2026 1:55 pm","VIJAYA","Midcap","Healthcare"
"17-09-2026 1:55 pm","TEGA","Midcap","Industrials"
"17-09-2026 1:55 pm","INDGN","Midcap","Healthcare"
"17-09-2026 2:00 pm","ANANTRAJ","Largecap","Realty"
"17-09-2026 2:00 pm","HBLENGINE","Largecap","Auto"
"17-09-2026 2:00 pm","GRANULES","Largecap","Healthcare"
"17-09-2026 2:00 pm","ACE","Midcap","Industrials"
"17-09-2026 2:00 pm","ASTRAL","Largecap","Plastic products"
"17-09-2026 2:00 pm","KIRLOSENG","Largecap","Industrials"
"17-09-2026 2:00 pm","GLAND","Largecap","Healthcare"
"17-09-2026 2:00 pm","KIMS","Largecap","Healthcare"
"17-09-2026 2:00 pm","VIJAYA","Midcap","Healthcare"
"17-09-2026 2:00 pm","TEGA","Midcap","Industrials"
"17-09-2026 2:00 pm","INDGN","Midcap","Healthcare"
"17-09-2026 2:05 pm","ANANTRAJ","Largecap","Realty"
"17-09-2026 2:05 pm","HBLENGINE","Largecap","Auto"
"17-09-2026 2:05 pm","GRANULES","Largecap","Healthcare"
"17-09-2026 2:05 pm","ACE","Midcap","Industrials"
"17-09-2026 2:05 pm","ASTRAL","Largecap","Plastic products"
"17-09-2026 2:05 pm","KIRLOSENG","Largecap","Industrials"
"17-09-2026 2:05 pm","GLAND","Largecap","Healthcare"
"17-09-2026 2:05 pm","KIMS","Largecap","Healthcare"
"17-09-2026 2:05 pm","VIJAYA","Midcap","Healthcare"
"17-09-2026 2:05 pm","TEGA","Midcap","Industrials"
"17-09-2026 2:05 pm","INDGN","Midcap","Healthcare"
"17-09-2026 2:10 pm","ANANTRAJ","Largecap","Realty"
"17-09-2026 2:10 pm","HBLENGINE","Largecap","Auto"
"17-09-2026 2:10 pm","GRANULES","Largecap","Healthcare"
"17-09-2026 2:10 pm","ACE","Midcap","Industrials"
"17-09-2026 2:10 pm","ASTRAL","Largecap","Plastic products"
"17-09-2026 2:10 pm","KIRLOSENG","Largecap","Industrials"
"17-09-2026 2:10 pm","GLAND","Largecap","Healthcare"
"17-09-2026 2:10 pm","KIMS","Largecap","Healthcare"
"17-09-2026 2:10 pm","VIJAYA","Midcap","Healthcare"
"17-09-2026 2:10 pm","TEGA","Midcap","Industrials"
"17-09-2026 2:10 pm","INDGN","Midcap","Healthcare"
"17-09-2026 2:15 pm","ANANTRAJ","Largecap","Realty"
"17-09-2026 2:15 pm","HBLENGINE","Largecap","Auto"
"17-09-2026 2:15 pm","GRANULES","Largecap","Healthcare"
"17-09-2026 2:15 pm","ACE","Midcap","Industrials"
"17-09-2026 2:15 pm","REDINGTON","Largecap","Services"
"17-09-2026 2:15 pm","GLAND","Largecap","Healthcare"
"17-09-2026 2:15 pm","KIMS","Largecap","Healthcare"
"17-09-2026 2:15 pm","VIJAYA","Midcap","Healthcare"
"17-09-2026 2:15 pm","TEGA","Midcap","Industrials"
"17-09-2026 2:15 pm","INDGN","Midcap","Healthcare"
"17-09-2026 2:20 pm","GESHIP","Largecap","Transportation"
"17-09-2026 2:20 pm","ANANTRAJ","Largecap","Realty"
"17-09-2026 2:20 pm","HBLENGINE","Largecap","Auto"
"17-09-2026 2:20 pm","GRANULES","Largecap","Healthcare"
"17-09-2026 2:20 pm","ACE","Midcap","Industrials"
"17-09-2026 2:20 pm","REDINGTON","Largecap","Services"
"17-09-2026 2:20 pm","GLAND","Largecap","Healthcare"
"17-09-2026 2:20 pm","KIMS","Largecap","Healthcare"
"17-09-2026 2:20 pm","VIJAYA","Midcap","Healthcare"
"17-09-2026 2:20 pm","TEGA","Midcap","Industrials"
"17-09-2026 2:20 pm","INDGN","Midcap","Healthcare"
"17-09-2026 2:25 pm","GESHIP","Largecap","Transportation"
"17-09-2026 2:25 pm","ANANTRAJ","Largecap","Realty"
"17-09-2026 2:25 pm","HBLENGINE","Largecap","Auto"
"17-09-2026 2:25 pm","GRANULES","Largecap","Healthcare"
"17-09-2026 2:25 pm","ACE","Midcap","Industrials"
"17-09-2026 2:25 pm","REDINGTON","Largecap","Services"
"17-09-2026 2:25 pm","GLAND","Largecap","Healthcare"
"17-09-2026 2:25 pm","KIMS","Largecap","Healthcare"
"17-09-2026 2:25 pm","VIJAYA","Midcap","Healthcare"
"17-09-2026 2:25 pm","TEGA","Midcap","Industrials"
"17-09-2026 2:25 pm","INDGN","Midcap","Healthcare"
"17-09-2026 2:30 pm","GESHIP","Largecap","Transportation"
"17-09-2026 2:30 pm","ANANTRAJ","Largecap","Realty"
"17-09-2026 2:30 pm","HBLENGINE","Largecap","Auto"
"17-09-2026 2:30 pm","GRANULES","Largecap","Healthcare"
"17-09-2026 2:30 pm","ACE","Midcap","Industrials"
"17-09-2026 2:30 pm","GLAND","Largecap","Healthcare"
"17-09-2026 2:30 pm","KIMS","Largecap","Healthcare"
"17-09-2026 2:30 pm","VIJAYA","Midcap","Healthcare"
"17-09-2026 2:30 pm","TEGA","Midcap","Industrials"
"17-09-2026 2:30 pm","INDGN","Midcap","Healthcare"
"17-09-2026 2:35 pm","GESHIP","Largecap","Transportation"
"17-09-2026 2:35 pm","TATAINVEST","Largecap","Financials"
"17-09-2026 2:35 pm","ANANTRAJ","Largecap","Realty"
"17-09-2026 2:35 pm","HBLENGINE","Largecap","Auto"
"17-09-2026 2:35 pm","GRANULES","Largecap","Healthcare"
"17-09-2026 2:35 pm","ACE","Midcap","Industrials"
"17-09-2026 2:35 pm","ASTRAL","Largecap","Plastic products"
"17-09-2026 2:35 pm","GLAND","Largecap","Healthcare"
"17-09-2026 2:35 pm","KIMS","Largecap","Healthcare"
"17-09-2026 2:35 pm","VIJAYA","Midcap","Healthcare"
"17-09-2026 2:35 pm","TEGA","Midcap","Industrials"
"17-09-2026 2:35 pm","INDGN","Midcap","Healthcare"
"17-09-2026 2:40 pm","GESHIP","Largecap","Transportation"
"17-09-2026 2:40 pm","TATAINVEST","Largecap","Financials"
"17-09-2026 2:40 pm","ANANTRAJ","Largecap","Realty"
"17-09-2026 2:40 pm","HBLENGINE","Largecap","Auto"
"17-09-2026 2:40 pm","GRANULES","Largecap","Healthcare"
"17-09-2026 2:40 pm","ACE","Midcap","Industrials"
"17-09-2026 2:40 pm","ASTRAL","Largecap","Plastic products"
"17-09-2026 2:40 pm","GLAND","Largecap","Healthcare"
"17-09-2026 2:40 pm","KIMS","Largecap","Healthcare"
"17-09-2026 2:40 pm","VIJAYA","Midcap","Healthcare"
"17-09-2026 2:40 pm","TEGA","Midcap","Industrials"
"17-09-2026 2:40 pm","INDGN","Midcap","Healthcare"
"17-09-2026 2:45 pm","GESHIP","Largecap","Transportation"
"17-09-2026 2:45 pm","TATAINVEST","Largecap","Financials"
"17-09-2026 2:45 pm","ANANTRAJ","Largecap","Realty"
"17-09-2026 2:45 pm","HBLENGINE","Largecap","Auto"
"17-09-2026 2:45 pm","GRANULES","Largecap","Healthcare"
"17-09-2026 2:45 pm","ACE","Midcap","Industrials"
"17-09-2026 2:45 pm","ASTRAL","Largecap","Plastic products"
"17-09-2026 2:45 pm","GLAND","Largecap","Healthcare"
"17-09-2026 2:45 pm","KIMS","Largecap","Healthcare"
"17-09-2026 2:45 pm","VIJAYA","Midcap","Healthcare"
"17-09-2026 2:45 pm","TEGA","Midcap","Industrials"
"17-09-2026 2:45 pm","INDGN","Midcap","Healthcare"
"17-09-2026 2:50 pm","GESHIP","Largecap","Transportation"
"17-09-2026 2:50 pm","TATAINVEST","Largecap","Financials"
"17-09-2026 2:50 pm","ANANTRAJ","Largecap","Realty"
"17-09-2026 2:50 pm","HBLENGINE","Largecap","Auto"
"17-09-2026 2:50 pm","GRANULES","Largecap","Healthcare"
"17-09-2026 2:50 pm","ACE","Midcap","Industrials"
"17-09-2026 2:50 pm","ASTRAL","Largecap","Plastic products"
"17-09-2026 2:50 pm","SBICARD","Largecap","Financials"
"17-09-2026 2:50 pm","GLAND","Largecap","Healthcare"
"17-09-2026 2:50 pm","KIMS","Largecap","Healthcare"
"17-09-2026 2:50 pm","VIJAYA","Midcap","Healthcare"
"17-09-2026 2:50 pm","TEGA","Midcap","Industrials"
"17-09-2026 2:50 pm","INDGN","Midcap","Healthcare"
"17-09-2026 2:55 pm","GESHIP","Largecap","Transportation"
"17-09-2026 2:55 pm","TATAINVEST","Largecap","Financials"
"17-09-2026 2:55 pm","ANANTRAJ","Largecap","Realty"
"17-09-2026 2:55 pm","HBLENGINE","Largecap","Auto"
"17-09-2026 2:55 pm","GRANULES","Largecap","Healthcare"
"17-09-2026 2:55 pm","ACE","Midcap","Industrials"
"17-09-2026 2:55 pm","ASTRAL","Largecap","Plastic products"
"17-09-2026 2:55 pm","GLAND","Largecap","Healthcare"
"17-09-2026 2:55 pm","KIMS","Largecap","Healthcare"
"17-09-2026 2:55 pm","VIJAYA","Midcap","Healthcare"
"17-09-2026 2:55 pm","TEGA","Midcap","Industrials"
"17-09-2026 2:55 pm","INDGN","Midcap","Healthcare"
"17-09-2026 3:00 pm","GESHIP","Largecap","Transportation"
"17-09-2026 3:00 pm","TATAINVEST","Largecap","Financials"
"17-09-2026 3:00 pm","ANANTRAJ","Largecap","Realty"
"17-09-2026 3:00 pm","HBLENGINE","Largecap","Auto"
"17-09-2026 3:00 pm","GRANULES","Largecap","Healthcare"
"17-09-2026 3:00 pm","ACE","Midcap","Industrials"
"17-09-2026 3:00 pm","ASTRAL","Largecap","Plastic products"
"17-09-2026 3:00 pm","GLAND","Largecap","Healthcare"
"17-09-2026 3:00 pm","KIMS","Largecap","Healthcare"
"17-09-2026 3:00 pm","VIJAYA","Midcap","Healthcare"
"17-09-2026 3:00 pm","TEGA","Midcap","Industrials"
"17-09-2026 3:00 pm","INDGN","Midcap","Healthcare"
"17-09-2026 3:05 pm","GESHIP","Largecap","Transportation"
"17-09-2026 3:05 pm","TATAINVEST","Largecap","Financials"
"17-09-2026 3:05 pm","ANANTRAJ","Largecap","Realty"
"17-09-2026 3:05 pm","HBLENGINE","Largecap","Auto"
"17-09-2026 3:05 pm","GRANULES","Largecap","Healthcare"
"17-09-2026 3:05 pm","ACE","Midcap","Industrials"
"17-09-2026 3:05 pm","ASTRAL","Largecap","Plastic products"
"17-09-2026 3:05 pm","KIMS","Largecap","Healthcare"
"17-09-2026 3:05 pm","VIJAYA","Midcap","Healthcare"
"17-09-2026 3:05 pm","TEGA","Midcap","Industrials"
"17-09-2026 3:05 pm","INDGN","Midcap","Healthcare"
"17-09-2026 3:10 pm","GESHIP","Largecap","Transportation"
"17-09-2026 3:10 pm","TATAINVEST","Largecap","Financials"
"17-09-2026 3:10 pm","ANANTRAJ","Largecap","Realty"
"17-09-2026 3:10 pm","HBLENGINE","Largecap","Auto"
"17-09-2026 3:10 pm","GRANULES","Largecap","Healthcare"
"17-09-2026 3:10 pm","ACE","Midcap","Industrials"
"17-09-2026 3:10 pm","ASTRAL","Largecap","Plastic products"
"17-09-2026 3:10 pm","KIMS","Largecap","Healthcare"
"17-09-2026 3:10 pm","VIJAYA","Midcap","Healthcare"
"17-09-2026 3:10 pm","TEGA","Midcap","Industrials"
"17-09-2026 3:10 pm","INDGN","Midcap","Healthcare"
"17-09-2026 3:15 pm","GESHIP","Largecap","Transportation"
"17-09-2026 3:15 pm","TATAINVEST","Largecap","Financials"
"17-09-2026 3:15 pm","ANANTRAJ","Largecap","Realty"
"17-09-2026 3:15 pm","HBLENGINE","Largecap","Auto"
"17-09-2026 3:15 pm","INDIACEM","Midcap","Building Materials"
"17-09-2026 3:15 pm","GRANULES","Largecap","Healthcare"
"17-09-2026 3:15 pm","ACE","Midcap","Industrials"
"17-09-2026 3:15 pm","REDINGTON","Largecap","Services"
"17-09-2026 3:15 pm","KIMS","Largecap","Healthcare"
"17-09-2026 3:15 pm","VIJAYA","Midcap","Healthcare"
"17-09-2026 3:15 pm","TEGA","Midcap","Industrials"
"17-09-2026 3:15 pm","INDGN","Midcap","Healthcare"
"17-09-2026 3:20 pm","GESHIP","Largecap","Transportation"
"17-09-2026 3:20 pm","TATAINVEST","Largecap","Financials"
"17-09-2026 3:20 pm","ANANTRAJ","Largecap","Realty"
"17-09-2026 3:20 pm","HBLENGINE","Largecap","Auto"
"17-09-2026 3:20 pm","INDIACEM","Midcap","Building Materials"
"17-09-2026 3:20 pm","GRANULES","Largecap","Healthcare"
"17-09-2026 3:20 pm","ACE","Midcap","Industrials"
"17-09-2026 3:20 pm","REDINGTON","Largecap","Services"
"17-09-2026 3:20 pm","KIMS","Largecap","Healthcare"
"17-09-2026 3:20 pm","VIJAYA","Midcap","Healthcare"
"17-09-2026 3:20 pm","TEGA","Midcap","Industrials"
"17-09-2026 3:20 pm","INDGN","Midcap","Healthcare"
"17-09-2026 3:25 pm","GESHIP","Largecap","Transportation"
"17-09-2026 3:25 pm","TATAINVEST","Largecap","Financials"
"17-09-2026 3:25 pm","HBLENGINE","Largecap","Auto"
"17-09-2026 3:25 pm","INDIACEM","Midcap","Building Materials"
"17-09-2026 3:25 pm","GRANULES","Largecap","Healthcare"
"17-09-2026 3:25 pm","ACE","Midcap","Industrials"
"17-09-2026 3:25 pm","REDINGTON","Largecap","Services"
"17-09-2026 3:25 pm","KIMS","Largecap","Healthcare"
"17-09-2026 3:25 pm","VIJAYA","Midcap","Healthcare"
"17-09-2026 3:25 pm","TEGA","Midcap","Industrials"
"17-09-2026 3:25 pm","INDGN","Midcap","Healthcare"
"18-09-2026 9:15 am","AEGISLOG","Largecap","Services"
"18-09-2026 9:15 am","BEML","Midcap","Aerospace & Defence"
"18-09-2026 9:15 am","TATAPOWER","Largecap","Power & Utilities"
"18-09-2026 9:15 am","SPLPETRO","Midcap","Energy"
"18-09-2026 9:15 am","TATAINVEST","Largecap","Financials"
"18-09-2026 9:15 am","BBTC","Midcap","Auto"
"18-09-2026 9:15 am","VTL","Midcap","Textiles"
"18-09-2026 9:15 am","COROMANDEL","Largecap","Chemicals"
"18-09-2026 9:15 am","CARBORUNIV","Largecap","Industrials"
"18-09-2026 9:15 am","KPIL","Largecap","Realty"
"18-09-2026 9:15 am","CAPLIPOINT","Midcap","Healthcare"
"18-09-2026 9:15 am","JUBLPHARMA","Midcap","Healthcare"
"18-09-2026 9:15 am","WELCORP","Largecap","Industrials"
"18-09-2026 9:15 am","JSL","Largecap","Metals & Mining"
"18-09-2026 9:15 am","ADANIPORTS","Largecap","Transportation"
"18-09-2026 9:15 am","RBLBANK","Largecap","Bank"
"18-09-2026 9:15 am","ADANIGREEN","Largecap","Power & Utilities"
"18-09-2026 9:15 am","ATGL","Largecap","Energy"
"18-09-2026 9:15 am","AFFLE","Largecap","I.T"
"18-09-2026 9:15 am","KIMS","Largecap","Healthcare"
"18-09-2026 9:15 am","VIJAYA","Midcap","Healthcare"
"18-09-2026 9:15 am","PAYTM","Largecap","I.T"
"18-09-2026 9:15 am","SYRMA","Largecap","Consumer Discretionary"
"18-09-2026 9:15 am","JYOTICNC","Largecap","Industrials"
"18-09-2026 9:15 am","BHARTIHEXA","Largecap","Telecom-Service"
"18-09-2026 9:15 am","TBOTEK","Midcap","I.T"
"18-09-2026 9:15 am","ACMESOLAR","Largecap","Realty"
"18-09-2026 9:15 am","SAILIFE","Largecap","Healthcare"
"18-09-2026 9:15 am","IKS","Largecap","I.T"
"18-09-2026 9:20 am","AEGISLOG","Largecap","Services"
"18-09-2026 9:20 am","BEML","Midcap","Aerospace & Defence"
"18-09-2026 9:20 am","TATAPOWER","Largecap","Power & Utilities"
"18-09-2026 9:20 am","SPLPETRO","Midcap","Energy"
"18-09-2026 9:20 am","TATAINVEST","Largecap","Financials"
"18-09-2026 9:20 am","BBTC","Midcap","Auto"
"18-09-2026 9:20 am","VTL","Midcap","Textiles"
"18-09-2026 9:20 am","COROMANDEL","Largecap","Chemicals"
"18-09-2026 9:20 am","CARBORUNIV","Largecap","Industrials"
"18-09-2026 9:20 am","KPIL","Largecap","Realty"
"18-09-2026 9:20 am","CAPLIPOINT","Midcap","Healthcare"
"18-09-2026 9:20 am","JUBLPHARMA","Midcap","Healthcare"
"18-09-2026 9:20 am","WELCORP","Largecap","Industrials"
"18-09-2026 9:20 am","JSL","Largecap","Metals & Mining"
"18-09-2026 9:20 am","ADANIPORTS","Largecap","Transportation"
"18-09-2026 9:20 am","AIIL","Largecap","Financials"
"18-09-2026 9:20 am","RBLBANK","Largecap","Bank"
"18-09-2026 9:20 am","ADANIGREEN","Largecap","Power & Utilities"
"18-09-2026 9:20 am","ATGL","Largecap","Energy"
"18-09-2026 9:20 am","AFFLE","Largecap","I.T"
"18-09-2026 9:20 am","KIMS","Largecap","Healthcare"
"18-09-2026 9:20 am","VIJAYA","Midcap","Healthcare"
"18-09-2026 9:20 am","PAYTM","Largecap","I.T"
"18-09-2026 9:20 am","SYRMA","Largecap","Consumer Discretionary"
"18-09-2026 9:20 am","JYOTICNC","Largecap","Industrials"
"18-09-2026 9:20 am","BHARTIHEXA","Largecap","Telecom-Service"
"18-09-2026 9:20 am","TBOTEK","Midcap","I.T"
"18-09-2026 9:20 am","ACMESOLAR","Largecap","Realty"
"18-09-2026 9:20 am","SAILIFE","Largecap","Healthcare"
"18-09-2026 9:20 am","IKS","Largecap","I.T"
"18-09-2026 9:25 am","AEGISLOG","Largecap","Services"
"18-09-2026 9:25 am","BEML","Midcap","Aerospace & Defence"
"18-09-2026 9:25 am","PATANJALI","Largecap","FMCG"
"18-09-2026 9:25 am","SPLPETRO","Midcap","Energy"
"18-09-2026 9:25 am","TATAINVEST","Largecap","Financials"
"18-09-2026 9:25 am","BBTC","Midcap","Auto"
"18-09-2026 9:25 am","VTL","Midcap","Textiles"
"18-09-2026 9:25 am","COROMANDEL","Largecap","Chemicals"
"18-09-2026 9:25 am","CARBORUNIV","Largecap","Industrials"
"18-09-2026 9:25 am","KPIL","Largecap","Realty"
"18-09-2026 9:25 am","CAPLIPOINT","Midcap","Healthcare"
"18-09-2026 9:25 am","JUBLPHARMA","Midcap","Healthcare"
"18-09-2026 9:25 am","WELCORP","Largecap","Industrials"
"18-09-2026 9:25 am","JSL","Largecap","Metals & Mining"
"18-09-2026 9:25 am","ADANIPORTS","Largecap","Transportation"
"18-09-2026 9:25 am","AIIL","Largecap","Financials"
"18-09-2026 9:25 am","RBLBANK","Largecap","Bank"
"18-09-2026 9:25 am","ADANIGREEN","Largecap","Power & Utilities"
"18-09-2026 9:25 am","ATGL","Largecap","Energy"
"18-09-2026 9:25 am","AFFLE","Largecap","I.T"
"18-09-2026 9:25 am","KIMS","Largecap","Healthcare"
"18-09-2026 9:25 am","VIJAYA","Midcap","Healthcare"
"18-09-2026 9:25 am","PAYTM","Largecap","I.T"
"18-09-2026 9:25 am","SYRMA","Largecap","Consumer Discretionary"
"18-09-2026 9:25 am","JYOTICNC","Largecap","Industrials"
"18-09-2026 9:25 am","BHARTIHEXA","Largecap","Telecom-Service"
"18-09-2026 9:25 am","TBOTEK","Midcap","I.T"
"18-09-2026 9:25 am","ACMESOLAR","Largecap","Realty"
"18-09-2026 9:25 am","SAILIFE","Largecap","Healthcare"
"18-09-2026 9:25 am","IKS","Largecap","I.T"
"18-09-2026 9:30 am","AEGISLOG","Largecap","Services"
"18-09-2026 9:30 am","BEML","Midcap","Aerospace & Defence"
"18-09-2026 9:30 am","PATANJALI","Largecap","FMCG"
"18-09-2026 9:30 am","SPLPETRO","Midcap","Energy"
"18-09-2026 9:30 am","COLPAL","Largecap","FMCG"
"18-09-2026 9:30 am","TATAINVEST","Largecap","Financials"
"18-09-2026 9:30 am","BBTC","Midcap","Auto"
"18-09-2026 9:30 am","VTL","Midcap","Textiles"
"18-09-2026 9:30 am","COROMANDEL","Largecap","Chemicals"
"18-09-2026 9:30 am","CARBORUNIV","Largecap","Industrials"
"18-09-2026 9:30 am","KPIL","Largecap","Realty"
"18-09-2026 9:30 am","CAPLIPOINT","Midcap","Healthcare"
"18-09-2026 9:30 am","JUBLPHARMA","Midcap","Healthcare"
"18-09-2026 9:30 am","WELCORP","Largecap","Industrials"
"18-09-2026 9:30 am","JSL","Largecap","Metals & Mining"
"18-09-2026 9:30 am","ADANIPORTS","Largecap","Transportation"
"18-09-2026 9:30 am","AIIL","Largecap","Financials"
"18-09-2026 9:30 am","RBLBANK","Largecap","Bank"
"18-09-2026 9:30 am","ADANIGREEN","Largecap","Power & Utilities"
"18-09-2026 9:30 am","ATGL","Largecap","Energy"
"18-09-2026 9:30 am","AFFLE","Largecap","I.T"
"18-09-2026 9:30 am","KIMS","Largecap","Healthcare"
"18-09-2026 9:30 am","VIJAYA","Midcap","Healthcare"
"18-09-2026 9:30 am","PAYTM","Largecap","I.T"
"18-09-2026 9:30 am","SYRMA","Largecap","Consumer Discretionary"
"18-09-2026 9:30 am","JYOTICNC","Largecap","Industrials"
"18-09-2026 9:30 am","BHARTIHEXA","Largecap","Telecom-Service"
"18-09-2026 9:30 am","TBOTEK","Midcap","I.T"
"18-09-2026 9:30 am","ACMESOLAR","Largecap","Realty"
"18-09-2026 9:30 am","SAILIFE","Largecap","Healthcare"
"18-09-2026 9:30 am","IKS","Largecap","I.T"
"18-09-2026 9:35 am","AEGISLOG","Largecap","Services"
"18-09-2026 9:35 am","BEML","Midcap","Aerospace & Defence"
"18-09-2026 9:35 am","PATANJALI","Largecap","FMCG"
"18-09-2026 9:35 am","SPLPETRO","Midcap","Energy"
"18-09-2026 9:35 am","COLPAL","Largecap","FMCG"
"18-09-2026 9:35 am","BBTC","Midcap","Auto"
"18-09-2026 9:35 am","VTL","Midcap","Textiles"
"18-09-2026 9:35 am","COROMANDEL","Largecap","Chemicals"
"18-09-2026 9:35 am","CARBORUNIV","Largecap","Industrials"
"18-09-2026 9:35 am","KPIL","Largecap","Realty"
"18-09-2026 9:35 am","CAPLIPOINT","Midcap","Healthcare"
"18-09-2026 9:35 am","JUBLPHARMA","Midcap","Healthcare"
"18-09-2026 9:35 am","WELCORP","Largecap","Industrials"
"18-09-2026 9:35 am","JSL","Largecap","Metals & Mining"
"18-09-2026 9:35 am","ADANIPORTS","Largecap","Transportation"
"18-09-2026 9:35 am","AIIL","Largecap","Financials"
"18-09-2026 9:35 am","RBLBANK","Largecap","Bank"
"18-09-2026 9:35 am","ADANIGREEN","Largecap","Power & Utilities"
"18-09-2026 9:35 am","ATGL","Largecap","Energy"
"18-09-2026 9:35 am","CHALET","Midcap","Services"
"18-09-2026 9:35 am","AFFLE","Largecap","I.T"
"18-09-2026 9:35 am","HOMEFIRST","Midcap","Financials"
"18-09-2026 9:35 am","KIMS","Largecap","Healthcare"
"18-09-2026 9:35 am","VIJAYA","Midcap","Healthcare"
"18-09-2026 9:35 am","PAYTM","Largecap","I.T"
"18-09-2026 9:35 am","SYRMA","Largecap","Consumer Discretionary"
"18-09-2026 9:35 am","JYOTICNC","Largecap","Industrials"
"18-09-2026 9:35 am","BHARTIHEXA","Largecap","Telecom-Service"
"18-09-2026 9:35 am","TBOTEK","Midcap","I.T"
"18-09-2026 9:35 am","ACMESOLAR","Largecap","Realty"
"18-09-2026 9:35 am","SAILIFE","Largecap","Healthcare"
"18-09-2026 9:35 am","IKS","Largecap","I.T"
"18-09-2026 9:40 am","AEGISLOG","Largecap","Services"
"18-09-2026 9:40 am","BEML","Midcap","Aerospace & Defence"
"18-09-2026 9:40 am","PATANJALI","Largecap","FMCG"
"18-09-2026 9:40 am","SPLPETRO","Midcap","Energy"
"18-09-2026 9:40 am","COLPAL","Largecap","FMCG"
"18-09-2026 9:40 am","BBTC","Midcap","Auto"
"18-09-2026 9:40 am","VTL","Midcap","Textiles"
"18-09-2026 9:40 am","COROMANDEL","Largecap","Chemicals"
"18-09-2026 9:40 am","CARBORUNIV","Largecap","Industrials"
"18-09-2026 9:40 am","KPIL","Largecap","Realty"
"18-09-2026 9:40 am","CAPLIPOINT","Midcap","Healthcare"
"18-09-2026 9:40 am","AUROPHARMA","Largecap","Healthcare"
"18-09-2026 9:40 am","JUBLPHARMA","Midcap","Healthcare"
"18-09-2026 9:40 am","WELCORP","Largecap","Industrials"
"18-09-2026 9:40 am","JSL","Largecap","Metals & Mining"
"18-09-2026 9:40 am","ADANIPORTS","Largecap","Transportation"
"18-09-2026 9:40 am","AIIL","Largecap","Financials"
"18-09-2026 9:40 am","RBLBANK","Largecap","Bank"
"18-09-2026 9:40 am","ADANIGREEN","Largecap","Power & Utilities"
"18-09-2026 9:40 am","ATGL","Largecap","Energy"
"18-09-2026 9:40 am","CHALET","Midcap","Services"
"18-09-2026 9:40 am","AFFLE","Largecap","I.T"
"18-09-2026 9:40 am","HOMEFIRST","Midcap","Financials"
"18-09-2026 9:40 am","KIMS","Largecap","Healthcare"
"18-09-2026 9:40 am","VIJAYA","Midcap","Healthcare"
"18-09-2026 9:40 am","PAYTM","Largecap","I.T"
"18-09-2026 9:40 am","SYRMA","Largecap","Consumer Discretionary"
"18-09-2026 9:40 am","JYOTICNC","Largecap","Industrials"
"18-09-2026 9:40 am","BHARTIHEXA","Largecap","Telecom-Service"
"18-09-2026 9:40 am","TBOTEK","Midcap","I.T"
"18-09-2026 9:40 am","ACMESOLAR","Largecap","Realty"
"18-09-2026 9:40 am","SAILIFE","Largecap","Healthcare"
"18-09-2026 9:40 am","IKS","Largecap","I.T"
"18-09-2026 9:45 am","AEGISLOG","Largecap","Services"
"18-09-2026 9:45 am","BEML","Midcap","Aerospace & Defence"
"18-09-2026 9:45 am","PATANJALI","Largecap","FMCG"
"18-09-2026 9:45 am","SPLPETRO","Midcap","Energy"
"18-09-2026 9:45 am","COLPAL","Largecap","FMCG"
"18-09-2026 9:45 am","BBTC","Midcap","Auto"
"18-09-2026 9:45 am","VTL","Midcap","Textiles"
"18-09-2026 9:45 am","COROMANDEL","Largecap","Chemicals"
"18-09-2026 9:45 am","CARBORUNIV","Largecap","Industrials"
"18-09-2026 9:45 am","KPIL","Largecap","Realty"
"18-09-2026 9:45 am","CAPLIPOINT","Midcap","Healthcare"
"18-09-2026 9:45 am","AUROPHARMA","Largecap","Healthcare"
"18-09-2026 9:45 am","JUBLPHARMA","Midcap","Healthcare"
"18-09-2026 9:45 am","WELCORP","Largecap","Industrials"
"18-09-2026 9:45 am","JSL","Largecap","Metals & Mining"
"18-09-2026 9:45 am","ADANIPORTS","Largecap","Transportation"
"18-09-2026 9:45 am","AIIL","Largecap","Financials"
"18-09-2026 9:45 am","RBLBANK","Largecap","Bank"
"18-09-2026 9:45 am","ADANIGREEN","Largecap","Power & Utilities"
"18-09-2026 9:45 am","ATGL","Largecap","Energy"
"18-09-2026 9:45 am","CHALET","Midcap","Services"
"18-09-2026 9:45 am","AFFLE","Largecap","I.T"
"18-09-2026 9:45 am","HOMEFIRST","Midcap","Financials"
"18-09-2026 9:45 am","KIMS","Largecap","Healthcare"
"18-09-2026 9:45 am","VIJAYA","Midcap","Healthcare"
"18-09-2026 9:45 am","PAYTM","Largecap","I.T"
"18-09-2026 9:45 am","SYRMA","Largecap","Consumer Discretionary"
"18-09-2026 9:45 am","JYOTICNC","Largecap","Industrials"
"18-09-2026 9:45 am","BHARTIHEXA","Largecap","Telecom-Service"
"18-09-2026 9:45 am","TBOTEK","Midcap","I.T"
"18-09-2026 9:45 am","ACMESOLAR","Largecap","Realty"
"18-09-2026 9:45 am","SAILIFE","Largecap","Healthcare"
"18-09-2026 9:45 am","IKS","Largecap","I.T"
"18-09-2026 9:50 am","AEGISLOG","Largecap","Services"
"18-09-2026 9:50 am","BEML","Midcap","Aerospace & Defence"
"18-09-2026 9:50 am","PATANJALI","Largecap","FMCG"
"18-09-2026 9:50 am","SPLPETRO","Midcap","Energy"
"18-09-2026 9:50 am","COLPAL","Largecap","FMCG"
"18-09-2026 9:50 am","BBTC","Midcap","Auto"
"18-09-2026 9:50 am","VTL","Midcap","Textiles"
"18-09-2026 9:50 am","COROMANDEL","Largecap","Chemicals"
"18-09-2026 9:50 am","CARBORUNIV","Largecap","Industrials"
"18-09-2026 9:50 am","KPIL","Largecap","Realty"
"18-09-2026 9:50 am","CAPLIPOINT","Midcap","Healthcare"
"18-09-2026 9:50 am","AUROPHARMA","Largecap","Healthcare"
"18-09-2026 9:50 am","JUBLPHARMA","Midcap","Healthcare"
"18-09-2026 9:50 am","WELCORP","Largecap","Industrials"
"18-09-2026 9:50 am","JSL","Largecap","Metals & Mining"
"18-09-2026 9:50 am","ADANIPORTS","Largecap","Transportation"
"18-09-2026 9:50 am","AIIL","Largecap","Financials"
"18-09-2026 9:50 am","RBLBANK","Largecap","Bank"
"18-09-2026 9:50 am","ADANIGREEN","Largecap","Power & Utilities"
"18-09-2026 9:50 am","ATGL","Largecap","Energy"
"18-09-2026 9:50 am","CHALET","Midcap","Services"
"18-09-2026 9:50 am","AFFLE","Largecap","I.T"
"18-09-2026 9:50 am","HOMEFIRST","Midcap","Financials"
"18-09-2026 9:50 am","KIMS","Largecap","Healthcare"
"18-09-2026 9:50 am","VIJAYA","Midcap","Healthcare"
"18-09-2026 9:50 am","PAYTM","Largecap","I.T"
"18-09-2026 9:50 am","SYRMA","Largecap","Consumer Discretionary"
"18-09-2026 9:50 am","JYOTICNC","Largecap","Industrials"
"18-09-2026 9:50 am","BHARTIHEXA","Largecap","Telecom-Service"
"18-09-2026 9:50 am","TBOTEK","Midcap","I.T"
"18-09-2026 9:50 am","ACMESOLAR","Largecap","Realty"
"18-09-2026 9:50 am","SAILIFE","Largecap","Healthcare"
"18-09-2026 9:50 am","IKS","Largecap","I.T"
"18-09-2026 9:55 am","AEGISLOG","Largecap","Services"
"18-09-2026 9:55 am","BEML","Midcap","Aerospace & Defence"
"18-09-2026 9:55 am","PATANJALI","Largecap","FMCG"
"18-09-2026 9:55 am","SPLPETRO","Midcap","Energy"
"18-09-2026 9:55 am","COLPAL","Largecap","FMCG"
"18-09-2026 9:55 am","BBTC","Midcap","Auto"
"18-09-2026 9:55 am","VTL","Midcap","Textiles"
"18-09-2026 9:55 am","COROMANDEL","Largecap","Chemicals"
"18-09-2026 9:55 am","CARBORUNIV","Largecap","Industrials"
"18-09-2026 9:55 am","KPIL","Largecap","Realty"
"18-09-2026 9:55 am","CAPLIPOINT","Midcap","Healthcare"
"18-09-2026 9:55 am","AUROPHARMA","Largecap","Healthcare"
"18-09-2026 9:55 am","JUBLPHARMA","Midcap","Healthcare"
"18-09-2026 9:55 am","WELCORP","Largecap","Industrials"
"18-09-2026 9:55 am","JSL","Largecap","Metals & Mining"
"18-09-2026 9:55 am","ADANIPORTS","Largecap","Transportation"
"18-09-2026 9:55 am","AIIL","Largecap","Financials"
"18-09-2026 9:55 am","RBLBANK","Largecap","Bank"
"18-09-2026 9:55 am","ADANIGREEN","Largecap","Power & Utilities"
"18-09-2026 9:55 am","ATGL","Largecap","Energy"
"18-09-2026 9:55 am","CHALET","Midcap","Services"
"18-09-2026 9:55 am","AFFLE","Largecap","I.T"
"18-09-2026 9:55 am","HOMEFIRST","Midcap","Financials"
"18-09-2026 9:55 am","KIMS","Largecap","Healthcare"
"18-09-2026 9:55 am","VIJAYA","Midcap","Healthcare"
"18-09-2026 9:55 am","PAYTM","Largecap","I.T"
"18-09-2026 9:55 am","SYRMA","Largecap","Consumer Discretionary"
"18-09-2026 9:55 am","JYOTICNC","Largecap","Industrials"
"18-09-2026 9:55 am","BHARTIHEXA","Largecap","Telecom-Service"
"18-09-2026 9:55 am","TBOTEK","Midcap","I.T"
"18-09-2026 9:55 am","ACMESOLAR","Largecap","Realty"
"18-09-2026 9:55 am","SAILIFE","Largecap","Healthcare"
"18-09-2026 9:55 am","IKS","Largecap","I.T"
"18-09-2026 10:00 am","AEGISLOG","Largecap","Services"
"18-09-2026 10:00 am","BEML","Midcap","Aerospace & Defence"
"18-09-2026 10:00 am","PATANJALI","Largecap","FMCG"
"18-09-2026 10:00 am","SPLPETRO","Midcap","Energy"
"18-09-2026 10:00 am","COLPAL","Largecap","FMCG"
"18-09-2026 10:00 am","BBTC","Midcap","Auto"
"18-09-2026 10:00 am","VTL","Midcap","Textiles"
"18-09-2026 10:00 am","COROMANDEL","Largecap","Chemicals"
"18-09-2026 10:00 am","CARBORUNIV","Largecap","Industrials"
"18-09-2026 10:00 am","KPIL","Largecap","Realty"
"18-09-2026 10:00 am","CAPLIPOINT","Midcap","Healthcare"
"18-09-2026 10:00 am","AUROPHARMA","Largecap","Healthcare"
"18-09-2026 10:00 am","JUBLPHARMA","Midcap","Healthcare"
"18-09-2026 10:00 am","WELCORP","Largecap","Industrials"
"18-09-2026 10:00 am","JSL","Largecap","Metals & Mining"
"18-09-2026 10:00 am","ADANIPORTS","Largecap","Transportation"
"18-09-2026 10:00 am","AIIL","Largecap","Financials"
"18-09-2026 10:00 am","RBLBANK","Largecap","Bank"
"18-09-2026 10:00 am","ADANIGREEN","Largecap","Power & Utilities"
"18-09-2026 10:00 am","ATGL","Largecap","Energy"
"18-09-2026 10:00 am","CHALET","Midcap","Services"
"18-09-2026 10:00 am","AFFLE","Largecap","I.T"
"18-09-2026 10:00 am","HOMEFIRST","Midcap","Financials"
"18-09-2026 10:00 am","KIMS","Largecap","Healthcare"
"18-09-2026 10:00 am","VIJAYA","Midcap","Healthcare"
"18-09-2026 10:00 am","PAYTM","Largecap","I.T"
"18-09-2026 10:00 am","SYRMA","Largecap","Consumer Discretionary"
"18-09-2026 10:00 am","JYOTICNC","Largecap","Industrials"
"18-09-2026 10:00 am","BHARTIHEXA","Largecap","Telecom-Service"
"18-09-2026 10:00 am","TBOTEK","Midcap","I.T"
"18-09-2026 10:00 am","ACMESOLAR","Largecap","Realty"
"18-09-2026 10:00 am","SAILIFE","Largecap","Healthcare"
"18-09-2026 10:00 am","IKS","Largecap","I.T"
"18-09-2026 10:05 am","AEGISLOG","Largecap","Services"
"18-09-2026 10:05 am","BEML","Midcap","Aerospace & Defence"
"18-09-2026 10:05 am","PATANJALI","Largecap","FMCG"
"18-09-2026 10:05 am","SPLPETRO","Midcap","Energy"
"18-09-2026 10:05 am","COLPAL","Largecap","FMCG"
"18-09-2026 10:05 am","BBTC","Midcap","Auto"
"18-09-2026 10:05 am","VTL","Midcap","Textiles"
"18-09-2026 10:05 am","COROMANDEL","Largecap","Chemicals"
"18-09-2026 10:05 am","CARBORUNIV","Largecap","Industrials"
"18-09-2026 10:05 am","KPIL","Largecap","Realty"
"18-09-2026 10:05 am","CAPLIPOINT","Midcap","Healthcare"
"18-09-2026 10:05 am","JUBLPHARMA","Midcap","Healthcare"
"18-09-2026 10:05 am","WELCORP","Largecap","Industrials"
"18-09-2026 10:05 am","JSL","Largecap","Metals & Mining"
"18-09-2026 10:05 am","ADANIPORTS","Largecap","Transportation"
"18-09-2026 10:05 am","AIIL","Largecap","Financials"
"18-09-2026 10:05 am","RBLBANK","Largecap","Bank"
"18-09-2026 10:05 am","ADANIGREEN","Largecap","Power & Utilities"
"18-09-2026 10:05 am","ATGL","Largecap","Energy"
"18-09-2026 10:05 am","CHALET","Midcap","Services"
"18-09-2026 10:05 am","AFFLE","Largecap","I.T"
"18-09-2026 10:05 am","HOMEFIRST","Midcap","Financials"
"18-09-2026 10:05 am","KIMS","Largecap","Healthcare"
"18-09-2026 10:05 am","VIJAYA","Midcap","Healthcare"
"18-09-2026 10:05 am","PAYTM","Largecap","I.T"
"18-09-2026 10:05 am","SYRMA","Largecap","Consumer Discretionary"
"18-09-2026 10:05 am","JYOTICNC","Largecap","Industrials"
"18-09-2026 10:05 am","BHARTIHEXA","Largecap","Telecom-Service"
"18-09-2026 10:05 am","TBOTEK","Midcap","I.T"
"18-09-2026 10:05 am","ACMESOLAR","Largecap","Realty"
"18-09-2026 10:05 am","SAILIFE","Largecap","Healthcare"
"18-09-2026 10:05 am","IKS","Largecap","I.T"
"18-09-2026 10:10 am","AEGISLOG","Largecap","Services"
"18-09-2026 10:10 am","BEML","Midcap","Aerospace & Defence"
"18-09-2026 10:10 am","PATANJALI","Largecap","FMCG"
"18-09-2026 10:10 am","SPLPETRO","Midcap","Energy"
"18-09-2026 10:10 am","COLPAL","Largecap","FMCG"
"18-09-2026 10:10 am","BBTC","Midcap","Auto"
"18-09-2026 10:10 am","VTL","Midcap","Textiles"
"18-09-2026 10:10 am","COROMANDEL","Largecap","Chemicals"
"18-09-2026 10:10 am","CARBORUNIV","Largecap","Industrials"
"18-09-2026 10:10 am","KPIL","Largecap","Realty"
"18-09-2026 10:10 am","CAPLIPOINT","Midcap","Healthcare"
"18-09-2026 10:10 am","JUBLPHARMA","Midcap","Healthcare"
"18-09-2026 10:10 am","WELCORP","Largecap","Industrials"
"18-09-2026 10:10 am","JSL","Largecap","Metals & Mining"
"18-09-2026 10:10 am","ADANIPORTS","Largecap","Transportation"
"18-09-2026 10:10 am","AIIL","Largecap","Financials"
"18-09-2026 10:10 am","RBLBANK","Largecap","Bank"
"18-09-2026 10:10 am","ADANIGREEN","Largecap","Power & Utilities"
"18-09-2026 10:10 am","ATGL","Largecap","Energy"
"18-09-2026 10:10 am","CHALET","Midcap","Services"
"18-09-2026 10:10 am","AFFLE","Largecap","I.T"
"18-09-2026 10:10 am","HOMEFIRST","Midcap","Financials"
"18-09-2026 10:10 am","KIMS","Largecap","Healthcare"
"18-09-2026 10:10 am","VIJAYA","Midcap","Healthcare"
"18-09-2026 10:10 am","PAYTM","Largecap","I.T"
"18-09-2026 10:10 am","SYRMA","Largecap","Consumer Discretionary"
"18-09-2026 10:10 am","JYOTICNC","Largecap","Industrials"
"18-09-2026 10:10 am","BHARTIHEXA","Largecap","Telecom-Service"
"18-09-2026 10:10 am","TBOTEK","Midcap","I.T"
"18-09-2026 10:10 am","ACMESOLAR","Largecap","Realty"
"18-09-2026 10:10 am","SAILIFE","Largecap","Healthcare"
"18-09-2026 10:10 am","IKS","Largecap","I.T"
"18-09-2026 10:15 am","AEGISLOG","Largecap","Services"
"18-09-2026 10:15 am","BEML","Midcap","Aerospace & Defence"
"18-09-2026 10:15 am","PATANJALI","Largecap","FMCG"
"18-09-2026 10:15 am","SPLPETRO","Midcap","Energy"
"18-09-2026 10:15 am","COLPAL","Largecap","FMCG"
"18-09-2026 10:15 am","BBTC","Midcap","Auto"
"18-09-2026 10:15 am","VTL","Midcap","Textiles"
"18-09-2026 10:15 am","COROMANDEL","Largecap","Chemicals"
"18-09-2026 10:15 am","CARBORUNIV","Largecap","Industrials"
"18-09-2026 10:15 am","KPIL","Largecap","Realty"
"18-09-2026 10:15 am","CAPLIPOINT","Midcap","Healthcare"
"18-09-2026 10:15 am","JUBLPHARMA","Midcap","Healthcare"
"18-09-2026 10:15 am","WELCORP","Largecap","Industrials"
"18-09-2026 10:15 am","JSL","Largecap","Metals & Mining"
"18-09-2026 10:15 am","ADANIPORTS","Largecap","Transportation"
"18-09-2026 10:15 am","AIIL","Largecap","Financials"
"18-09-2026 10:15 am","RBLBANK","Largecap","Bank"
"18-09-2026 10:15 am","ADANIGREEN","Largecap","Power & Utilities"
"18-09-2026 10:15 am","ATGL","Largecap","Energy"
"18-09-2026 10:15 am","CHALET","Midcap","Services"
"18-09-2026 10:15 am","AFFLE","Largecap","I.T"
"18-09-2026 10:15 am","HOMEFIRST","Midcap","Financials"
"18-09-2026 10:15 am","KIMS","Largecap","Healthcare"
"18-09-2026 10:15 am","VIJAYA","Midcap","Healthcare"
"18-09-2026 10:15 am","PAYTM","Largecap","I.T"
"18-09-2026 10:15 am","SYRMA","Largecap","Consumer Discretionary"
"18-09-2026 10:15 am","JYOTICNC","Largecap","Industrials"
"18-09-2026 10:15 am","BHARTIHEXA","Largecap","Telecom-Service"
"18-09-2026 10:15 am","TBOTEK","Midcap","I.T"
"18-09-2026 10:15 am","ACMESOLAR","Largecap","Realty"
"18-09-2026 10:15 am","SAILIFE","Largecap","Healthcare"
"18-09-2026 10:15 am","IKS","Largecap","I.T"
"18-09-2026 10:20 am","AEGISLOG","Largecap","Services"
"18-09-2026 10:20 am","BEML","Midcap","Aerospace & Defence"
"18-09-2026 10:20 am","PATANJALI","Largecap","FMCG"
"18-09-2026 10:20 am","SPLPETRO","Midcap","Energy"
"18-09-2026 10:20 am","COLPAL","Largecap","FMCG"
"18-09-2026 10:20 am","BBTC","Midcap","Auto"
"18-09-2026 10:20 am","VTL","Midcap","Textiles"
"18-09-2026 10:20 am","COROMANDEL","Largecap","Chemicals"
"18-09-2026 10:20 am","CARBORUNIV","Largecap","Industrials"
"18-09-2026 10:20 am","KPIL","Largecap","Realty"
"18-09-2026 10:20 am","CAPLIPOINT","Midcap","Healthcare"
"18-09-2026 10:20 am","JUBLPHARMA","Midcap","Healthcare"
"18-09-2026 10:20 am","WELCORP","Largecap","Industrials"
"18-09-2026 10:20 am","JSL","Largecap","Metals & Mining"
"18-09-2026 10:20 am","ADANIPORTS","Largecap","Transportation"
"18-09-2026 10:20 am","AIIL","Largecap","Financials"
"18-09-2026 10:20 am","RBLBANK","Largecap","Bank"
"18-09-2026 10:20 am","ADANIGREEN","Largecap","Power & Utilities"
"18-09-2026 10:20 am","ATGL","Largecap","Energy"
"18-09-2026 10:20 am","CHALET","Midcap","Services"
"18-09-2026 10:20 am","AFFLE","Largecap","I.T"
"18-09-2026 10:20 am","HOMEFIRST","Midcap","Financials"
"18-09-2026 10:20 am","KIMS","Largecap","Healthcare"
"18-09-2026 10:20 am","VIJAYA","Midcap","Healthcare"
"18-09-2026 10:20 am","PAYTM","Largecap","I.T"
"18-09-2026 10:20 am","SYRMA","Largecap","Consumer Discretionary"
"18-09-2026 10:20 am","JYOTICNC","Largecap","Industrials"
"18-09-2026 10:20 am","BHARTIHEXA","Largecap","Telecom-Service"
"18-09-2026 10:20 am","TBOTEK","Midcap","I.T"
"18-09-2026 10:20 am","ACMESOLAR","Largecap","Realty"
"18-09-2026 10:20 am","SAILIFE","Largecap","Healthcare"
"18-09-2026 10:20 am","IKS","Largecap","I.T"
"18-09-2026 10:25 am","AEGISLOG","Largecap","Services"
"18-09-2026 10:25 am","BEML","Midcap","Aerospace & Defence"
"18-09-2026 10:25 am","PATANJALI","Largecap","FMCG"
"18-09-2026 10:25 am","TATAPOWER","Largecap","Power & Utilities"
"18-09-2026 10:25 am","SPLPETRO","Midcap","Energy"
"18-09-2026 10:25 am","COLPAL","Largecap","FMCG"
"18-09-2026 10:25 am","BBTC","Midcap","Auto"
"18-09-2026 10:25 am","VTL","Midcap","Textiles"
"18-09-2026 10:25 am","COROMANDEL","Largecap","Chemicals"
"18-09-2026 10:25 am","CARBORUNIV","Largecap","Industrials"
"18-09-2026 10:25 am","KPIL","Largecap","Realty"
"18-09-2026 10:25 am","CAPLIPOINT","Midcap","Healthcare"
"18-09-2026 10:25 am","JUBLPHARMA","Midcap","Healthcare"
"18-09-2026 10:25 am","WELCORP","Largecap","Industrials"
"18-09-2026 10:25 am","JSL","Largecap","Metals & Mining"
"18-09-2026 10:25 am","ADANIPORTS","Largecap","Transportation"
"18-09-2026 10:25 am","AIIL","Largecap","Financials"
"18-09-2026 10:25 am","RBLBANK","Largecap","Bank"
"18-09-2026 10:25 am","ADANIGREEN","Largecap","Power & Utilities"
"18-09-2026 10:25 am","ATGL","Largecap","Energy"
"18-09-2026 10:25 am","CHALET","Midcap","Services"
"18-09-2026 10:25 am","AFFLE","Largecap","I.T"
"18-09-2026 10:25 am","HOMEFIRST","Midcap","Financials"
"18-09-2026 10:25 am","KIMS","Largecap","Healthcare"
"18-09-2026 10:25 am","VIJAYA","Midcap","Healthcare"
"18-09-2026 10:25 am","PAYTM","Largecap","I.T"
"18-09-2026 10:25 am","SYRMA","Largecap","Consumer Discretionary"
"18-09-2026 10:25 am","JYOTICNC","Largecap","Industrials"
"18-09-2026 10:25 am","BHARTIHEXA","Largecap","Telecom-Service"
"18-09-2026 10:25 am","TBOTEK","Midcap","I.T"
"18-09-2026 10:25 am","ACMESOLAR","Largecap","Realty"
"18-09-2026 10:25 am","SAILIFE","Largecap","Healthcare"
"18-09-2026 10:25 am","IKS","Largecap","I.T"
"18-09-2026 10:30 am","AEGISLOG","Largecap","Services"
"18-09-2026 10:30 am","BEML","Midcap","Aerospace & Defence"
"18-09-2026 10:30 am","PATANJALI","Largecap","FMCG"
"18-09-2026 10:30 am","TATAPOWER","Largecap","Power & Utilities"
"18-09-2026 10:30 am","SPLPETRO","Midcap","Energy"
"18-09-2026 10:30 am","COLPAL","Largecap","FMCG"
"18-09-2026 10:30 am","BBTC","Midcap","Auto"
"18-09-2026 10:30 am","VTL","Midcap","Textiles"
"18-09-2026 10:30 am","COROMANDEL","Largecap","Chemicals"
"18-09-2026 10:30 am","CARBORUNIV","Largecap","Industrials"
"18-09-2026 10:30 am","KPIL","Largecap","Realty"
"18-09-2026 10:30 am","CAPLIPOINT","Midcap","Healthcare"
"18-09-2026 10:30 am","JUBLPHARMA","Midcap","Healthcare"
"18-09-2026 10:30 am","WELCORP","Largecap","Industrials"
"18-09-2026 10:30 am","JSL","Largecap","Metals & Mining"
"18-09-2026 10:30 am","ADANIPORTS","Largecap","Transportation"
"18-09-2026 10:30 am","AIIL","Largecap","Financials"
"18-09-2026 10:30 am","RBLBANK","Largecap","Bank"
"18-09-2026 10:30 am","ADANIGREEN","Largecap","Power & Utilities"
"18-09-2026 10:30 am","ATGL","Largecap","Energy"
"18-09-2026 10:30 am","CHALET","Midcap","Services"
"18-09-2026 10:30 am","AFFLE","Largecap","I.T"
"18-09-2026 10:30 am","HOMEFIRST","Midcap","Financials"
"18-09-2026 10:30 am","KIMS","Largecap","Healthcare"
"18-09-2026 10:30 am","VIJAYA","Midcap","Healthcare"
"18-09-2026 10:30 am","PAYTM","Largecap","I.T"
"18-09-2026 10:30 am","SYRMA","Largecap","Consumer Discretionary"
"18-09-2026 10:30 am","JYOTICNC","Largecap","Industrials"
"18-09-2026 10:30 am","BHARTIHEXA","Largecap","Telecom-Service"
"18-09-2026 10:30 am","TBOTEK","Midcap","I.T"
"18-09-2026 10:30 am","ACMESOLAR","Largecap","Realty"
"18-09-2026 10:30 am","SAILIFE","Largecap","Healthcare"
"18-09-2026 10:30 am","IKS","Largecap","I.T"
"18-09-2026 10:35 am","AEGISLOG","Largecap","Services"
"18-09-2026 10:35 am","BEML","Midcap","Aerospace & Defence"
"18-09-2026 10:35 am","PATANJALI","Largecap","FMCG"
"18-09-2026 10:35 am","TATAPOWER","Largecap","Power & Utilities"
"18-09-2026 10:35 am","SPLPETRO","Midcap","Energy"
"18-09-2026 10:35 am","COLPAL","Largecap","FMCG"
"18-09-2026 10:35 am","BBTC","Midcap","Auto"
"18-09-2026 10:35 am","VTL","Midcap","Textiles"
"18-09-2026 10:35 am","COROMANDEL","Largecap","Chemicals"
"18-09-2026 10:35 am","CARBORUNIV","Largecap","Industrials"
"18-09-2026 10:35 am","KPIL","Largecap","Realty"
"18-09-2026 10:35 am","CAPLIPOINT","Midcap","Healthcare"
"18-09-2026 10:35 am","JUBLPHARMA","Midcap","Healthcare"
"18-09-2026 10:35 am","WELCORP","Largecap","Industrials"
"18-09-2026 10:35 am","JSL","Largecap","Metals & Mining"
"18-09-2026 10:35 am","ADANIPORTS","Largecap","Transportation"
"18-09-2026 10:35 am","AIIL","Largecap","Financials"
"18-09-2026 10:35 am","RBLBANK","Largecap","Bank"
"18-09-2026 10:35 am","ADANIGREEN","Largecap","Power & Utilities"
"18-09-2026 10:35 am","ATGL","Largecap","Energy"
"18-09-2026 10:35 am","CHALET","Midcap","Services"
"18-09-2026 10:35 am","AFFLE","Largecap","I.T"
"18-09-2026 10:35 am","HOMEFIRST","Midcap","Financials"
"18-09-2026 10:35 am","KIMS","Largecap","Healthcare"
"18-09-2026 10:35 am","VIJAYA","Midcap","Healthcare"
"18-09-2026 10:35 am","PAYTM","Largecap","I.T"
"18-09-2026 10:35 am","SYRMA","Largecap","Consumer Discretionary"
"18-09-2026 10:35 am","JYOTICNC","Largecap","Industrials"
"18-09-2026 10:35 am","BHARTIHEXA","Largecap","Telecom-Service"
"18-09-2026 10:35 am","TBOTEK","Midcap","I.T"
"18-09-2026 10:35 am","ACMESOLAR","Largecap","Realty"
"18-09-2026 10:35 am","SAILIFE","Largecap","Healthcare"
"18-09-2026 10:35 am","IKS","Largecap","I.T"
"18-09-2026 10:40 am","AEGISLOG","Largecap","Services"
"18-09-2026 10:40 am","BEML","Midcap","Aerospace & Defence"
"18-09-2026 10:40 am","PATANJALI","Largecap","FMCG"
"18-09-2026 10:40 am","TATAPOWER","Largecap","Power & Utilities"
"18-09-2026 10:40 am","SPLPETRO","Midcap","Energy"
"18-09-2026 10:40 am","COLPAL","Largecap","FMCG"
"18-09-2026 10:40 am","BBTC","Midcap","Auto"
"18-09-2026 10:40 am","VTL","Midcap","Textiles"
"18-09-2026 10:40 am","COROMANDEL","Largecap","Chemicals"
"18-09-2026 10:40 am","CARBORUNIV","Largecap","Industrials"
"18-09-2026 10:40 am","KPIL","Largecap","Realty"
"18-09-2026 10:40 am","CAPLIPOINT","Midcap","Healthcare"
"18-09-2026 10:40 am","JUBLPHARMA","Midcap","Healthcare"
"18-09-2026 10:40 am","WELCORP","Largecap","Industrials"
"18-09-2026 10:40 am","JSL","Largecap","Metals & Mining"
"18-09-2026 10:40 am","ADANIPORTS","Largecap","Transportation"
"18-09-2026 10:40 am","AIIL","Largecap","Financials"
"18-09-2026 10:40 am","RBLBANK","Largecap","Bank"
"18-09-2026 10:40 am","ADANIGREEN","Largecap","Power & Utilities"
"18-09-2026 10:40 am","ATGL","Largecap","Energy"
"18-09-2026 10:40 am","CHALET","Midcap","Services"
"18-09-2026 10:40 am","AFFLE","Largecap","I.T"
"18-09-2026 10:40 am","HOMEFIRST","Midcap","Financials"
"18-09-2026 10:40 am","KIMS","Largecap","Healthcare"
"18-09-2026 10:40 am","VIJAYA","Midcap","Healthcare"
"18-09-2026 10:40 am","PAYTM","Largecap","I.T"
"18-09-2026 10:40 am","SYRMA","Largecap","Consumer Discretionary"
"18-09-2026 10:40 am","JYOTICNC","Largecap","Industrials"
"18-09-2026 10:40 am","BHARTIHEXA","Largecap","Telecom-Service"
"18-09-2026 10:40 am","TBOTEK","Midcap","I.T"
"18-09-2026 10:40 am","ACMESOLAR","Largecap","Realty"
"18-09-2026 10:40 am","SAILIFE","Largecap","Healthcare"
"18-09-2026 10:40 am","IKS","Largecap","I.T"
"18-09-2026 10:45 am","AEGISLOG","Largecap","Services"
"18-09-2026 10:45 am","BEML","Midcap","Aerospace & Defence"
"18-09-2026 10:45 am","PATANJALI","Largecap","FMCG"
"18-09-2026 10:45 am","TATAPOWER","Largecap","Power & Utilities"
"18-09-2026 10:45 am","SPLPETRO","Midcap","Energy"
"18-09-2026 10:45 am","COLPAL","Largecap","FMCG"
"18-09-2026 10:45 am","BBTC","Midcap","Auto"
"18-09-2026 10:45 am","VTL","Midcap","Textiles"
"18-09-2026 10:45 am","COROMANDEL","Largecap","Chemicals"
"18-09-2026 10:45 am","CARBORUNIV","Largecap","Industrials"
"18-09-2026 10:45 am","KPIL","Largecap","Realty"
"18-09-2026 10:45 am","CAPLIPOINT","Midcap","Healthcare"
"18-09-2026 10:45 am","WELCORP","Largecap","Industrials"
"18-09-2026 10:45 am","JSL","Largecap","Metals & Mining"
"18-09-2026 10:45 am","ADANIPORTS","Largecap","Transportation"
"18-09-2026 10:45 am","AIIL","Largecap","Financials"
"18-09-2026 10:45 am","RBLBANK","Largecap","Bank"
"18-09-2026 10:45 am","ADANIGREEN","Largecap","Power & Utilities"
"18-09-2026 10:45 am","ATGL","Largecap","Energy"
"18-09-2026 10:45 am","CHALET","Midcap","Services"
"18-09-2026 10:45 am","HOMEFIRST","Midcap","Financials"
"18-09-2026 10:45 am","KIMS","Largecap","Healthcare"
"18-09-2026 10:45 am","VIJAYA","Midcap","Healthcare"
"18-09-2026 10:45 am","PAYTM","Largecap","I.T"
"18-09-2026 10:45 am","SYRMA","Largecap","Consumer Discretionary"
"18-09-2026 10:45 am","JYOTICNC","Largecap","Industrials"
"18-09-2026 10:45 am","BHARTIHEXA","Largecap","Telecom-Service"
"18-09-2026 10:45 am","TBOTEK","Midcap","I.T"
"18-09-2026 10:45 am","ACMESOLAR","Largecap","Realty"
"18-09-2026 10:45 am","SAILIFE","Largecap","Healthcare"
"18-09-2026 10:45 am","IKS","Largecap","I.T"
"18-09-2026 10:50 am","AEGISLOG","Largecap","Services"
"18-09-2026 10:50 am","BEML","Midcap","Aerospace & Defence"
"18-09-2026 10:50 am","PATANJALI","Largecap","FMCG"
"18-09-2026 10:50 am","TATAPOWER","Largecap","Power & Utilities"
"18-09-2026 10:50 am","SPLPETRO","Midcap","Energy"
"18-09-2026 10:50 am","COLPAL","Largecap","FMCG"
"18-09-2026 10:50 am","BBTC","Midcap","Auto"
"18-09-2026 10:50 am","VTL","Midcap","Textiles"
"18-09-2026 10:50 am","COROMANDEL","Largecap","Chemicals"
"18-09-2026 10:50 am","CARBORUNIV","Largecap","Industrials"
"18-09-2026 10:50 am","KPIL","Largecap","Realty"
"18-09-2026 10:50 am","CAPLIPOINT","Midcap","Healthcare"
"18-09-2026 10:50 am","WELCORP","Largecap","Industrials"
"18-09-2026 10:50 am","JSL","Largecap","Metals & Mining"
"18-09-2026 10:50 am","ADANIPORTS","Largecap","Transportation"
"18-09-2026 10:50 am","AIIL","Largecap","Financials"
"18-09-2026 10:50 am","RBLBANK","Largecap","Bank"
"18-09-2026 10:50 am","ATGL","Largecap","Energy"
"18-09-2026 10:50 am","CHALET","Midcap","Services"
"18-09-2026 10:50 am","HOMEFIRST","Midcap","Financials"
"18-09-2026 10:50 am","KIMS","Largecap","Healthcare"
"18-09-2026 10:50 am","VIJAYA","Midcap","Healthcare"
"18-09-2026 10:50 am","PAYTM","Largecap","I.T"
"18-09-2026 10:50 am","SYRMA","Largecap","Consumer Discretionary"
"18-09-2026 10:50 am","JYOTICNC","Largecap","Industrials"
"18-09-2026 10:50 am","BHARTIHEXA","Largecap","Telecom-Service"
"18-09-2026 10:50 am","TBOTEK","Midcap","I.T"
"18-09-2026 10:50 am","ACMESOLAR","Largecap","Realty"
"18-09-2026 10:50 am","SAILIFE","Largecap","Healthcare"
"18-09-2026 10:50 am","IKS","Largecap","I.T"
"18-09-2026 10:55 am","AEGISLOG","Largecap","Services"
"18-09-2026 10:55 am","BEML","Midcap","Aerospace & Defence"
"18-09-2026 10:55 am","PATANJALI","Largecap","FMCG"
"18-09-2026 10:55 am","TATAPOWER","Largecap","Power & Utilities"
"18-09-2026 10:55 am","SPLPETRO","Midcap","Energy"
"18-09-2026 10:55 am","COLPAL","Largecap","FMCG"
"18-09-2026 10:55 am","VTL","Midcap","Textiles"
"18-09-2026 10:55 am","COROMANDEL","Largecap","Chemicals"
"18-09-2026 10:55 am","CARBORUNIV","Largecap","Industrials"
"18-09-2026 10:55 am","KPIL","Largecap","Realty"
"18-09-2026 10:55 am","CAPLIPOINT","Midcap","Healthcare"
"18-09-2026 10:55 am","WELCORP","Largecap","Industrials"
"18-09-2026 10:55 am","JSL","Largecap","Metals & Mining"
"18-09-2026 10:55 am","ADANIPORTS","Largecap","Transportation"
"18-09-2026 10:55 am","AIIL","Largecap","Financials"
"18-09-2026 10:55 am","RBLBANK","Largecap","Bank"
"18-09-2026 10:55 am","ATGL","Largecap","Energy"
"18-09-2026 10:55 am","CHALET","Midcap","Services"
"18-09-2026 10:55 am","HOMEFIRST","Midcap","Financials"
"18-09-2026 10:55 am","KIMS","Largecap","Healthcare"
"18-09-2026 10:55 am","VIJAYA","Midcap","Healthcare"
"18-09-2026 10:55 am","PAYTM","Largecap","I.T"
"18-09-2026 10:55 am","SYRMA","Largecap","Consumer Discretionary"
"18-09-2026 10:55 am","JYOTICNC","Largecap","Industrials"
"18-09-2026 10:55 am","BHARTIHEXA","Largecap","Telecom-Service"
"18-09-2026 10:55 am","TBOTEK","Midcap","I.T"
"18-09-2026 10:55 am","ACMESOLAR","Largecap","Realty"
"18-09-2026 10:55 am","SAILIFE","Largecap","Healthcare"
"18-09-2026 10:55 am","IKS","Largecap","I.T"
"18-09-2026 11:00 am","AEGISLOG","Largecap","Services"
"18-09-2026 11:00 am","BEML","Midcap","Aerospace & Defence"
"18-09-2026 11:00 am","PATANJALI","Largecap","FMCG"
"18-09-2026 11:00 am","TATAPOWER","Largecap","Power & Utilities"
"18-09-2026 11:00 am","SPLPETRO","Midcap","Energy"
"18-09-2026 11:00 am","COLPAL","Largecap","FMCG"
"18-09-2026 11:00 am","COROMANDEL","Largecap","Chemicals"
"18-09-2026 11:00 am","CARBORUNIV","Largecap","Industrials"
"18-09-2026 11:00 am","CAPLIPOINT","Midcap","Healthcare"
"18-09-2026 11:00 am","WELCORP","Largecap","Industrials"
"18-09-2026 11:00 am","JSL","Largecap","Metals & Mining"
"18-09-2026 11:00 am","ADANIPORTS","Largecap","Transportation"
"18-09-2026 11:00 am","AIIL","Largecap","Financials"
"18-09-2026 11:00 am","RBLBANK","Largecap","Bank"
"18-09-2026 11:00 am","ATGL","Largecap","Energy"
"18-09-2026 11:00 am","CHALET","Midcap","Services"
"18-09-2026 11:00 am","HOMEFIRST","Midcap","Financials"
"18-09-2026 11:00 am","KIMS","Largecap","Healthcare"
"18-09-2026 11:00 am","VIJAYA","Midcap","Healthcare"
"18-09-2026 11:00 am","PAYTM","Largecap","I.T"
"18-09-2026 11:00 am","SYRMA","Largecap","Consumer Discretionary"
"18-09-2026 11:00 am","JYOTICNC","Largecap","Industrials"
"18-09-2026 11:00 am","BHARTIHEXA","Largecap","Telecom-Service"
"18-09-2026 11:00 am","TBOTEK","Midcap","I.T"
"18-09-2026 11:00 am","ACMESOLAR","Largecap","Realty"
"18-09-2026 11:00 am","SAILIFE","Largecap","Healthcare"
"18-09-2026 11:00 am","IKS","Largecap","I.T"
"18-09-2026 11:05 am","AEGISLOG","Largecap","Services"
"18-09-2026 11:05 am","BEML","Midcap","Aerospace & Defence"
"18-09-2026 11:05 am","PATANJALI","Largecap","FMCG"
"18-09-2026 11:05 am","TATAPOWER","Largecap","Power & Utilities"
"18-09-2026 11:05 am","SPLPETRO","Midcap","Energy"
"18-09-2026 11:05 am","COLPAL","Largecap","FMCG"
"18-09-2026 11:05 am","COROMANDEL","Largecap","Chemicals"
"18-09-2026 11:05 am","CARBORUNIV","Largecap","Industrials"
"18-09-2026 11:05 am","CAPLIPOINT","Midcap","Healthcare"
"18-09-2026 11:05 am","WELCORP","Largecap","Industrials"
"18-09-2026 11:05 am","JSL","Largecap","Metals & Mining"
"18-09-2026 11:05 am","ADANIPORTS","Largecap","Transportation"
"18-09-2026 11:05 am","AIIL","Largecap","Financials"
"18-09-2026 11:05 am","RBLBANK","Largecap","Bank"
"18-09-2026 11:05 am","ATGL","Largecap","Energy"
"18-09-2026 11:05 am","CHALET","Midcap","Services"
"18-09-2026 11:05 am","HOMEFIRST","Midcap","Financials"
"18-09-2026 11:05 am","KIMS","Largecap","Healthcare"
"18-09-2026 11:05 am","VIJAYA","Midcap","Healthcare"
"18-09-2026 11:05 am","PAYTM","Largecap","I.T"
"18-09-2026 11:05 am","SYRMA","Largecap","Consumer Discretionary"
"18-09-2026 11:05 am","JYOTICNC","Largecap","Industrials"
"18-09-2026 11:05 am","BHARTIHEXA","Largecap","Telecom-Service"
"18-09-2026 11:05 am","TBOTEK","Midcap","I.T"
"18-09-2026 11:05 am","ACMESOLAR","Largecap","Realty"
"18-09-2026 11:05 am","SAILIFE","Largecap","Healthcare"
"18-09-2026 11:05 am","IKS","Largecap","I.T"
"18-09-2026 11:10 am","AEGISLOG","Largecap","Services"
"18-09-2026 11:10 am","BEML","Midcap","Aerospace & Defence"
"18-09-2026 11:10 am","PATANJALI","Largecap","FMCG"
"18-09-2026 11:10 am","TATAPOWER","Largecap","Power & Utilities"
"18-09-2026 11:10 am","SPLPETRO","Midcap","Energy"
"18-09-2026 11:10 am","COLPAL","Largecap","FMCG"
"18-09-2026 11:10 am","COROMANDEL","Largecap","Chemicals"
"18-09-2026 11:10 am","CARBORUNIV","Largecap","Industrials"
"18-09-2026 11:10 am","CAPLIPOINT","Midcap","Healthcare"
"18-09-2026 11:10 am","WELCORP","Largecap","Industrials"
"18-09-2026 11:10 am","JSL","Largecap","Metals & Mining"
"18-09-2026 11:10 am","ADANIPORTS","Largecap","Transportation"
"18-09-2026 11:10 am","AIIL","Largecap","Financials"
"18-09-2026 11:10 am","RBLBANK","Largecap","Bank"
"18-09-2026 11:10 am","ATGL","Largecap","Energy"
"18-09-2026 11:10 am","CHALET","Midcap","Services"
"18-09-2026 11:10 am","HOMEFIRST","Midcap","Financials"
"18-09-2026 11:10 am","KIMS","Largecap","Healthcare"
"18-09-2026 11:10 am","VIJAYA","Midcap","Healthcare"
"18-09-2026 11:10 am","PAYTM","Largecap","I.T"
"18-09-2026 11:10 am","SYRMA","Largecap","Consumer Discretionary"
"18-09-2026 11:10 am","JYOTICNC","Largecap","Industrials"
"18-09-2026 11:10 am","BHARTIHEXA","Largecap","Telecom-Service"
"18-09-2026 11:10 am","TBOTEK","Midcap","I.T"
"18-09-2026 11:10 am","ACMESOLAR","Largecap","Realty"
"18-09-2026 11:10 am","SAILIFE","Largecap","Healthcare"
"18-09-2026 11:10 am","IKS","Largecap","I.T"
"18-09-2026 11:15 am","AEGISLOG","Largecap","Services"
"18-09-2026 11:15 am","BEML","Midcap","Aerospace & Defence"
"18-09-2026 11:15 am","PATANJALI","Largecap","FMCG"
"18-09-2026 11:15 am","TATAPOWER","Largecap","Power & Utilities"
"18-09-2026 11:15 am","SPLPETRO","Midcap","Energy"
"18-09-2026 11:15 am","COLPAL","Largecap","FMCG"
"18-09-2026 11:15 am","COROMANDEL","Largecap","Chemicals"
"18-09-2026 11:15 am","CARBORUNIV","Largecap","Industrials"
"18-09-2026 11:15 am","CAPLIPOINT","Midcap","Healthcare"
"18-09-2026 11:15 am","WELCORP","Largecap","Industrials"
"18-09-2026 11:15 am","JSL","Largecap","Metals & Mining"
"18-09-2026 11:15 am","ADANIPORTS","Largecap","Transportation"
"18-09-2026 11:15 am","AIIL","Largecap","Financials"
"18-09-2026 11:15 am","RBLBANK","Largecap","Bank"
"18-09-2026 11:15 am","ATGL","Largecap","Energy"
"18-09-2026 11:15 am","CHALET","Midcap","Services"
"18-09-2026 11:15 am","HOMEFIRST","Midcap","Financials"
"18-09-2026 11:15 am","KIMS","Largecap","Healthcare"
"18-09-2026 11:15 am","SYRMA","Largecap","Consumer Discretionary"
"18-09-2026 11:15 am","JYOTICNC","Largecap","Industrials"
"18-09-2026 11:15 am","BHARTIHEXA","Largecap","Telecom-Service"
"18-09-2026 11:15 am","TBOTEK","Midcap","I.T"
"18-09-2026 11:15 am","ACMESOLAR","Largecap","Realty"
"18-09-2026 11:15 am","SAILIFE","Largecap","Healthcare"
"18-09-2026 11:15 am","IKS","Largecap","I.T"
"18-09-2026 11:20 am","BEML","Midcap","Aerospace & Defence"
"18-09-2026 11:20 am","PATANJALI","Largecap","FMCG"
"18-09-2026 11:20 am","TATAPOWER","Largecap","Power & Utilities"
"18-09-2026 11:20 am","SPLPETRO","Midcap","Energy"
"18-09-2026 11:20 am","COLPAL","Largecap","FMCG"
"18-09-2026 11:20 am","COROMANDEL","Largecap","Chemicals"
"18-09-2026 11:20 am","CARBORUNIV","Largecap","Industrials"
"18-09-2026 11:20 am","CAPLIPOINT","Midcap","Healthcare"
"18-09-2026 11:20 am","WELCORP","Largecap","Industrials"
"18-09-2026 11:20 am","JSL","Largecap","Metals & Mining"
"18-09-2026 11:20 am","ADANIPORTS","Largecap","Transportation"
"18-09-2026 11:20 am","AIIL","Largecap","Financials"
"18-09-2026 11:20 am","RBLBANK","Largecap","Bank"
"18-09-2026 11:20 am","ATGL","Largecap","Energy"
"18-09-2026 11:20 am","CHALET","Midcap","Services"
"18-09-2026 11:20 am","HOMEFIRST","Midcap","Financials"
"18-09-2026 11:20 am","KIMS","Largecap","Healthcare"
"18-09-2026 11:20 am","SYRMA","Largecap","Consumer Discretionary"
"18-09-2026 11:20 am","JYOTICNC","Largecap","Industrials"
"18-09-2026 11:20 am","BHARTIHEXA","Largecap","Telecom-Service"
"18-09-2026 11:20 am","TBOTEK","Midcap","I.T"
"18-09-2026 11:20 am","ACMESOLAR","Largecap","Realty"
"18-09-2026 11:20 am","SAILIFE","Largecap","Healthcare"
"18-09-2026 11:20 am","IKS","Largecap","I.T"
"18-09-2026 11:25 am","BEML","Midcap","Aerospace & Defence"
"18-09-2026 11:25 am","PATANJALI","Largecap","FMCG"
"18-09-2026 11:25 am","TATAPOWER","Largecap","Power & Utilities"
"18-09-2026 11:25 am","SPLPETRO","Midcap","Energy"
"18-09-2026 11:25 am","COLPAL","Largecap","FMCG"
"18-09-2026 11:25 am","COROMANDEL","Largecap","Chemicals"
"18-09-2026 11:25 am","CARBORUNIV","Largecap","Industrials"
"18-09-2026 11:25 am","CAPLIPOINT","Midcap","Healthcare"
"18-09-2026 11:25 am","WELCORP","Largecap","Industrials"
"18-09-2026 11:25 am","JSL","Largecap","Metals & Mining"
"18-09-2026 11:25 am","ADANIPORTS","Largecap","Transportation"
"18-09-2026 11:25 am","AIIL","Largecap","Financials"
"18-09-2026 11:25 am","RBLBANK","Largecap","Bank"
"18-09-2026 11:25 am","ATGL","Largecap","Energy"
"18-09-2026 11:25 am","CHALET","Midcap","Services"
"18-09-2026 11:25 am","HOMEFIRST","Midcap","Financials"
"18-09-2026 11:25 am","KIMS","Largecap","Healthcare"
"18-09-2026 11:25 am","SYRMA","Largecap","Consumer Discretionary"
"18-09-2026 11:25 am","JYOTICNC","Largecap","Industrials"
"18-09-2026 11:25 am","BHARTIHEXA","Largecap","Telecom-Service"
"18-09-2026 11:25 am","TBOTEK","Midcap","I.T"
"18-09-2026 11:25 am","ACMESOLAR","Largecap","Realty"
"18-09-2026 11:25 am","SAILIFE","Largecap","Healthcare"
"18-09-2026 11:25 am","IKS","Largecap","I.T"
"18-09-2026 11:30 am","BEML","Midcap","Aerospace & Defence"
"18-09-2026 11:30 am","PATANJALI","Largecap","FMCG"
"18-09-2026 11:30 am","TATAPOWER","Largecap","Power & Utilities"
"18-09-2026 11:30 am","SPLPETRO","Midcap","Energy"
"18-09-2026 11:30 am","COLPAL","Largecap","FMCG"
"18-09-2026 11:30 am","COROMANDEL","Largecap","Chemicals"
"18-09-2026 11:30 am","CARBORUNIV","Largecap","Industrials"
"18-09-2026 11:30 am","CAPLIPOINT","Midcap","Healthcare"
"18-09-2026 11:30 am","WELCORP","Largecap","Industrials"
"18-09-2026 11:30 am","JSL","Largecap","Metals & Mining"
"18-09-2026 11:30 am","ADANIPORTS","Largecap","Transportation"
"18-09-2026 11:30 am","AIIL","Largecap","Financials"
"18-09-2026 11:30 am","RBLBANK","Largecap","Bank"
"18-09-2026 11:30 am","ATGL","Largecap","Energy"
"18-09-2026 11:30 am","HOMEFIRST","Midcap","Financials"
"18-09-2026 11:30 am","KIMS","Largecap","Healthcare"
"18-09-2026 11:30 am","SYRMA","Largecap","Consumer Discretionary"
"18-09-2026 11:30 am","JYOTICNC","Largecap","Industrials"
"18-09-2026 11:30 am","BHARTIHEXA","Largecap","Telecom-Service"
"18-09-2026 11:30 am","TBOTEK","Midcap","I.T"
"18-09-2026 11:30 am","ACMESOLAR","Largecap","Realty"
"18-09-2026 11:30 am","SAILIFE","Largecap","Healthcare"
"18-09-2026 11:30 am","IKS","Largecap","I.T"
"18-09-2026 11:35 am","BEML","Midcap","Aerospace & Defence"
"18-09-2026 11:35 am","PATANJALI","Largecap","FMCG"
"18-09-2026 11:35 am","TATAPOWER","Largecap","Power & Utilities"
"18-09-2026 11:35 am","SPLPETRO","Midcap","Energy"
"18-09-2026 11:35 am","COLPAL","Largecap","FMCG"
"18-09-2026 11:35 am","BBTC","Midcap","Auto"
"18-09-2026 11:35 am","COROMANDEL","Largecap","Chemicals"
"18-09-2026 11:35 am","CARBORUNIV","Largecap","Industrials"
"18-09-2026 11:35 am","CAPLIPOINT","Midcap","Healthcare"
"18-09-2026 11:35 am","WELCORP","Largecap","Industrials"
"18-09-2026 11:35 am","JSL","Largecap","Metals & Mining"
"18-09-2026 11:35 am","ADANIPORTS","Largecap","Transportation"
"18-09-2026 11:35 am","AIIL","Largecap","Financials"
"18-09-2026 11:35 am","RBLBANK","Largecap","Bank"
"18-09-2026 11:35 am","ATGL","Largecap","Energy"
"18-09-2026 11:35 am","HOMEFIRST","Midcap","Financials"
"18-09-2026 11:35 am","KIMS","Largecap","Healthcare"
"18-09-2026 11:35 am","SYRMA","Largecap","Consumer Discretionary"
"18-09-2026 11:35 am","JYOTICNC","Largecap","Industrials"
"18-09-2026 11:35 am","BHARTIHEXA","Largecap","Telecom-Service"
"18-09-2026 11:35 am","TBOTEK","Midcap","I.T"
"18-09-2026 11:35 am","ACMESOLAR","Largecap","Realty"
"18-09-2026 11:35 am","SAILIFE","Largecap","Healthcare"
"18-09-2026 11:35 am","IKS","Largecap","I.T"
"18-09-2026 11:40 am","PATANJALI","Largecap","FMCG"
"18-09-2026 11:40 am","TATAPOWER","Largecap","Power & Utilities"
"18-09-2026 11:40 am","SPLPETRO","Midcap","Energy"
"18-09-2026 11:40 am","COLPAL","Largecap","FMCG"
"18-09-2026 11:40 am","BBTC","Midcap","Auto"
"18-09-2026 11:40 am","COROMANDEL","Largecap","Chemicals"
"18-09-2026 11:40 am","CARBORUNIV","Largecap","Industrials"
"18-09-2026 11:40 am","KPIL","Largecap","Realty"
"18-09-2026 11:40 am","JSL","Largecap","Metals & Mining"
"18-09-2026 11:40 am","ADANIPORTS","Largecap","Transportation"
"18-09-2026 11:40 am","AIIL","Largecap","Financials"
"18-09-2026 11:40 am","RBLBANK","Largecap","Bank"
"18-09-2026 11:40 am","ATGL","Largecap","Energy"
"18-09-2026 11:40 am","HOMEFIRST","Midcap","Financials"
"18-09-2026 11:40 am","KIMS","Largecap","Healthcare"
"18-09-2026 11:40 am","VIJAYA","Midcap","Healthcare"
"18-09-2026 11:40 am","SYRMA","Largecap","Consumer Discretionary"
"18-09-2026 11:40 am","JYOTICNC","Largecap","Industrials"
"18-09-2026 11:40 am","BHARTIHEXA","Largecap","Telecom-Service"
"18-09-2026 11:40 am","TBOTEK","Midcap","I.T"
"18-09-2026 11:40 am","ACMESOLAR","Largecap","Realty"
"18-09-2026 11:40 am","SAILIFE","Largecap","Healthcare"
"18-09-2026 11:40 am","IKS","Largecap","I.T"
"18-09-2026 11:45 am","PATANJALI","Largecap","FMCG"
"18-09-2026 11:45 am","TATAPOWER","Largecap","Power & Utilities"
"18-09-2026 11:45 am","SPLPETRO","Midcap","Energy"
"18-09-2026 11:45 am","COLPAL","Largecap","FMCG"
"18-09-2026 11:45 am","TATAINVEST","Largecap","Financials"
"18-09-2026 11:45 am","BBTC","Midcap","Auto"
"18-09-2026 11:45 am","COROMANDEL","Largecap","Chemicals"
"18-09-2026 11:45 am","CARBORUNIV","Largecap","Industrials"
"18-09-2026 11:45 am","KPIL","Largecap","Realty"
"18-09-2026 11:45 am","JSL","Largecap","Metals & Mining"
"18-09-2026 11:45 am","ADANIPORTS","Largecap","Transportation"
"18-09-2026 11:45 am","AIIL","Largecap","Financials"
"18-09-2026 11:45 am","RBLBANK","Largecap","Bank"
"18-09-2026 11:45 am","ATGL","Largecap","Energy"
"18-09-2026 11:45 am","HOMEFIRST","Midcap","Financials"
"18-09-2026 11:45 am","KIMS","Largecap","Healthcare"
"18-09-2026 11:45 am","VIJAYA","Midcap","Healthcare"
"18-09-2026 11:45 am","SYRMA","Largecap","Consumer Discretionary"
"18-09-2026 11:45 am","JYOTICNC","Largecap","Industrials"
"18-09-2026 11:45 am","BHARTIHEXA","Largecap","Telecom-Service"
"18-09-2026 11:45 am","TBOTEK","Midcap","I.T"
"18-09-2026 11:45 am","ACMESOLAR","Largecap","Realty"
"18-09-2026 11:45 am","SAILIFE","Largecap","Healthcare"
"18-09-2026 11:45 am","IKS","Largecap","I.T"
"18-09-2026 11:50 am","PATANJALI","Largecap","FMCG"
"18-09-2026 11:50 am","TATAPOWER","Largecap","Power & Utilities"
"18-09-2026 11:50 am","SPLPETRO","Midcap","Energy"
"18-09-2026 11:50 am","COLPAL","Largecap","FMCG"
"18-09-2026 11:50 am","TATAINVEST","Largecap","Financials"
"18-09-2026 11:50 am","BBTC","Midcap","Auto"
"18-09-2026 11:50 am","COROMANDEL","Largecap","Chemicals"
"18-09-2026 11:50 am","CARBORUNIV","Largecap","Industrials"
"18-09-2026 11:50 am","KPIL","Largecap","Realty"
"18-09-2026 11:50 am","JSL","Largecap","Metals & Mining"
"18-09-2026 11:50 am","ADANIPORTS","Largecap","Transportation"
"18-09-2026 11:50 am","AIIL","Largecap","Financials"
"18-09-2026 11:50 am","RBLBANK","Largecap","Bank"
"18-09-2026 11:50 am","ATGL","Largecap","Energy"
"18-09-2026 11:50 am","HOMEFIRST","Midcap","Financials"
"18-09-2026 11:50 am","KIMS","Largecap","Healthcare"
"18-09-2026 11:50 am","VIJAYA","Midcap","Healthcare"
"18-09-2026 11:50 am","SYRMA","Largecap","Consumer Discretionary"
"18-09-2026 11:50 am","JYOTICNC","Largecap","Industrials"
"18-09-2026 11:50 am","BHARTIHEXA","Largecap","Telecom-Service"
"18-09-2026 11:50 am","TBOTEK","Midcap","I.T"
"18-09-2026 11:50 am","ACMESOLAR","Largecap","Realty"
"18-09-2026 11:50 am","SAILIFE","Largecap","Healthcare"
"18-09-2026 11:50 am","IKS","Largecap","I.T"
"18-09-2026 11:55 am","PATANJALI","Largecap","FMCG"
"18-09-2026 11:55 am","TATAPOWER","Largecap","Power & Utilities"
"18-09-2026 11:55 am","SPLPETRO","Midcap","Energy"
"18-09-2026 11:55 am","COLPAL","Largecap","FMCG"
"18-09-2026 11:55 am","TATAINVEST","Largecap","Financials"
"18-09-2026 11:55 am","BBTC","Midcap","Auto"
"18-09-2026 11:55 am","COROMANDEL","Largecap","Chemicals"
"18-09-2026 11:55 am","CARBORUNIV","Largecap","Industrials"
"18-09-2026 11:55 am","KPIL","Largecap","Realty"
"18-09-2026 11:55 am","JSL","Largecap","Metals & Mining"
"18-09-2026 11:55 am","ADANIPORTS","Largecap","Transportation"
"18-09-2026 11:55 am","AIIL","Largecap","Financials"
"18-09-2026 11:55 am","RBLBANK","Largecap","Bank"
"18-09-2026 11:55 am","ADANIGREEN","Largecap","Power & Utilities"
"18-09-2026 11:55 am","ATGL","Largecap","Energy"
"18-09-2026 11:55 am","HOMEFIRST","Midcap","Financials"
"18-09-2026 11:55 am","KIMS","Largecap","Healthcare"
"18-09-2026 11:55 am","VIJAYA","Midcap","Healthcare"
"18-09-2026 11:55 am","SYRMA","Largecap","Consumer Discretionary"
"18-09-2026 11:55 am","JYOTICNC","Largecap","Industrials"
"18-09-2026 11:55 am","BHARTIHEXA","Largecap","Telecom-Service"
"18-09-2026 11:55 am","TBOTEK","Midcap","I.T"
"18-09-2026 11:55 am","ACMESOLAR","Largecap","Realty"
"18-09-2026 11:55 am","SAILIFE","Largecap","Healthcare"
"18-09-2026 11:55 am","IKS","Largecap","I.T"
"18-09-2026 12:00 pm","PATANJALI","Largecap","FMCG"
"18-09-2026 12:00 pm","TATAPOWER","Largecap","Power & Utilities"
"18-09-2026 12:00 pm","SPLPETRO","Midcap","Energy"
"18-09-2026 12:00 pm","COLPAL","Largecap","FMCG"
"18-09-2026 12:00 pm","TATAINVEST","Largecap","Financials"
"18-09-2026 12:00 pm","BBTC","Midcap","Auto"
"18-09-2026 12:00 pm","COROMANDEL","Largecap","Chemicals"
"18-09-2026 12:00 pm","CARBORUNIV","Largecap","Industrials"
"18-09-2026 12:00 pm","KPIL","Largecap","Realty"
"18-09-2026 12:00 pm","JSL","Largecap","Metals & Mining"
"18-09-2026 12:00 pm","ADANIPORTS","Largecap","Transportation"
"18-09-2026 12:00 pm","AIIL","Largecap","Financials"
"18-09-2026 12:00 pm","RBLBANK","Largecap","Bank"
"18-09-2026 12:00 pm","ADANIGREEN","Largecap","Power & Utilities"
"18-09-2026 12:00 pm","ATGL","Largecap","Energy"
"18-09-2026 12:00 pm","HOMEFIRST","Midcap","Financials"
"18-09-2026 12:00 pm","KIMS","Largecap","Healthcare"
"18-09-2026 12:00 pm","VIJAYA","Midcap","Healthcare"
"18-09-2026 12:00 pm","SYRMA","Largecap","Consumer Discretionary"
"18-09-2026 12:00 pm","JYOTICNC","Largecap","Industrials"
"18-09-2026 12:00 pm","BHARTIHEXA","Largecap","Telecom-Service"
"18-09-2026 12:00 pm","TBOTEK","Midcap","I.T"
"18-09-2026 12:00 pm","ACMESOLAR","Largecap","Realty"
"18-09-2026 12:00 pm","SAILIFE","Largecap","Healthcare"
"18-09-2026 12:00 pm","IKS","Largecap","I.T"
"18-09-2026 12:05 pm","PATANJALI","Largecap","FMCG"
"18-09-2026 12:05 pm","TATAPOWER","Largecap","Power & Utilities"
"18-09-2026 12:05 pm","SPLPETRO","Midcap","Energy"
"18-09-2026 12:05 pm","COLPAL","Largecap","FMCG"
"18-09-2026 12:05 pm","BBTC","Midcap","Auto"
"18-09-2026 12:05 pm","COROMANDEL","Largecap","Chemicals"
"18-09-2026 12:05 pm","CARBORUNIV","Largecap","Industrials"
"18-09-2026 12:05 pm","KPIL","Largecap","Realty"
"18-09-2026 12:05 pm","JSL","Largecap","Metals & Mining"
"18-09-2026 12:05 pm","ADANIPORTS","Largecap","Transportation"
"18-09-2026 12:05 pm","AIIL","Largecap","Financials"
"18-09-2026 12:05 pm","RBLBANK","Largecap","Bank"
"18-09-2026 12:05 pm","ADANIGREEN","Largecap","Power & Utilities"
"18-09-2026 12:05 pm","ATGL","Largecap","Energy"
"18-09-2026 12:05 pm","HOMEFIRST","Midcap","Financials"
"18-09-2026 12:05 pm","KIMS","Largecap","Healthcare"
"18-09-2026 12:05 pm","VIJAYA","Midcap","Healthcare"
"18-09-2026 12:05 pm","PAYTM","Largecap","I.T"
"18-09-2026 12:05 pm","SYRMA","Largecap","Consumer Discretionary"
"18-09-2026 12:05 pm","JYOTICNC","Largecap","Industrials"
"18-09-2026 12:05 pm","BHARTIHEXA","Largecap","Telecom-Service"
"18-09-2026 12:05 pm","TBOTEK","Midcap","I.T"
"18-09-2026 12:05 pm","ACMESOLAR","Largecap","Realty"
"18-09-2026 12:05 pm","SAILIFE","Largecap","Healthcare"
"18-09-2026 12:05 pm","IKS","Largecap","I.T"
"18-09-2026 12:10 pm","PATANJALI","Largecap","FMCG"
"18-09-2026 12:10 pm","TATAPOWER","Largecap","Power & Utilities"
"18-09-2026 12:10 pm","SPLPETRO","Midcap","Energy"
"18-09-2026 12:10 pm","COLPAL","Largecap","FMCG"
"18-09-2026 12:10 pm","BBTC","Midcap","Auto"
"18-09-2026 12:10 pm","VTL","Midcap","Textiles"
"18-09-2026 12:10 pm","COROMANDEL","Largecap","Chemicals"
"18-09-2026 12:10 pm","CARBORUNIV","Largecap","Industrials"
"18-09-2026 12:10 pm","KPIL","Largecap","Realty"
"18-09-2026 12:10 pm","JSL","Largecap","Metals & Mining"
"18-09-2026 12:10 pm","ADANIPORTS","Largecap","Transportation"
"18-09-2026 12:10 pm","AIIL","Largecap","Financials"
"18-09-2026 12:10 pm","ADANIGREEN","Largecap","Power & Utilities"
"18-09-2026 12:10 pm","ATGL","Largecap","Energy"
"18-09-2026 12:10 pm","HOMEFIRST","Midcap","Financials"
"18-09-2026 12:10 pm","KIMS","Largecap","Healthcare"
"18-09-2026 12:10 pm","VIJAYA","Midcap","Healthcare"
"18-09-2026 12:10 pm","PAYTM","Largecap","I.T"
"18-09-2026 12:10 pm","SYRMA","Largecap","Consumer Discretionary"
"18-09-2026 12:10 pm","JYOTICNC","Largecap","Industrials"
"18-09-2026 12:10 pm","BHARTIHEXA","Largecap","Telecom-Service"
"18-09-2026 12:10 pm","TBOTEK","Midcap","I.T"
"18-09-2026 12:10 pm","ACMESOLAR","Largecap","Realty"
"18-09-2026 12:10 pm","SAILIFE","Largecap","Healthcare"
"18-09-2026 12:10 pm","IKS","Largecap","I.T"
"18-09-2026 12:15 pm","PATANJALI","Largecap","FMCG"
"18-09-2026 12:15 pm","TATAPOWER","Largecap","Power & Utilities"
"18-09-2026 12:15 pm","SPLPETRO","Midcap","Energy"
"18-09-2026 12:15 pm","COLPAL","Largecap","FMCG"
"18-09-2026 12:15 pm","BBTC","Midcap","Auto"
"18-09-2026 12:15 pm","VTL","Midcap","Textiles"
"18-09-2026 12:15 pm","COROMANDEL","Largecap","Chemicals"
"18-09-2026 12:15 pm","CARBORUNIV","Largecap","Industrials"
"18-09-2026 12:15 pm","KPIL","Largecap","Realty"
"18-09-2026 12:15 pm","WELCORP","Largecap","Industrials"
"18-09-2026 12:15 pm","JSL","Largecap","Metals & Mining"
"18-09-2026 12:15 pm","ADANIPORTS","Largecap","Transportation"
"18-09-2026 12:15 pm","AIIL","Largecap","Financials"
"18-09-2026 12:15 pm","ADANIGREEN","Largecap","Power & Utilities"
"18-09-2026 12:15 pm","ATGL","Largecap","Energy"
"18-09-2026 12:15 pm","HOMEFIRST","Midcap","Financials"
"18-09-2026 12:15 pm","KIMS","Largecap","Healthcare"
"18-09-2026 12:15 pm","VIJAYA","Midcap","Healthcare"
"18-09-2026 12:15 pm","PAYTM","Largecap","I.T"
"18-09-2026 12:15 pm","SYRMA","Largecap","Consumer Discretionary"
"18-09-2026 12:15 pm","JYOTICNC","Largecap","Industrials"
"18-09-2026 12:15 pm","BHARTIHEXA","Largecap","Telecom-Service"
"18-09-2026 12:15 pm","TBOTEK","Midcap","I.T"
"18-09-2026 12:15 pm","ACMESOLAR","Largecap","Realty"
"18-09-2026 12:15 pm","SAILIFE","Largecap","Healthcare"
"18-09-2026 12:15 pm","IKS","Largecap","I.T"
"18-09-2026 12:20 pm","PATANJALI","Largecap","FMCG"
"18-09-2026 12:20 pm","TATAPOWER","Largecap","Power & Utilities"
"18-09-2026 12:20 pm","SPLPETRO","Midcap","Energy"
"18-09-2026 12:20 pm","COLPAL","Largecap","FMCG"
"18-09-2026 12:20 pm","BBTC","Midcap","Auto"
"18-09-2026 12:20 pm","VTL","Midcap","Textiles"
"18-09-2026 12:20 pm","COROMANDEL","Largecap","Chemicals"
"18-09-2026 12:20 pm","CARBORUNIV","Largecap","Industrials"
"18-09-2026 12:20 pm","KPIL","Largecap","Realty"
"18-09-2026 12:20 pm","WELCORP","Largecap","Industrials"
"18-09-2026 12:20 pm","JSL","Largecap","Metals & Mining"
"18-09-2026 12:20 pm","ADANIPORTS","Largecap","Transportation"
"18-09-2026 12:20 pm","AIIL","Largecap","Financials"
"18-09-2026 12:20 pm","ADANIGREEN","Largecap","Power & Utilities"
"18-09-2026 12:20 pm","ATGL","Largecap","Energy"
"18-09-2026 12:20 pm","HOMEFIRST","Midcap","Financials"
"18-09-2026 12:20 pm","KIMS","Largecap","Healthcare"
"18-09-2026 12:20 pm","VIJAYA","Midcap","Healthcare"
"18-09-2026 12:20 pm","PAYTM","Largecap","I.T"
"18-09-2026 12:20 pm","SYRMA","Largecap","Consumer Discretionary"
"18-09-2026 12:20 pm","JYOTICNC","Largecap","Industrials"
"18-09-2026 12:20 pm","BHARTIHEXA","Largecap","Telecom-Service"
"18-09-2026 12:20 pm","TBOTEK","Midcap","I.T"
"18-09-2026 12:20 pm","ACMESOLAR","Largecap","Realty"
"18-09-2026 12:20 pm","SAILIFE","Largecap","Healthcare"
"18-09-2026 12:20 pm","IKS","Largecap","I.T"
"18-09-2026 12:25 pm","PATANJALI","Largecap","FMCG"
"18-09-2026 12:25 pm","TATAPOWER","Largecap","Power & Utilities"
"18-09-2026 12:25 pm","SPLPETRO","Midcap","Energy"
"18-09-2026 12:25 pm","COLPAL","Largecap","FMCG"
"18-09-2026 12:25 pm","BBTC","Midcap","Auto"
"18-09-2026 12:25 pm","COROMANDEL","Largecap","Chemicals"
"18-09-2026 12:25 pm","CARBORUNIV","Largecap","Industrials"
"18-09-2026 12:25 pm","KPIL","Largecap","Realty"
"18-09-2026 12:25 pm","CAPLIPOINT","Midcap","Healthcare"
"18-09-2026 12:25 pm","WELCORP","Largecap","Industrials"
"18-09-2026 12:25 pm","JSL","Largecap","Metals & Mining"
"18-09-2026 12:25 pm","ADANIPORTS","Largecap","Transportation"
"18-09-2026 12:25 pm","AIIL","Largecap","Financials"
"18-09-2026 12:25 pm","ADANIGREEN","Largecap","Power & Utilities"
"18-09-2026 12:25 pm","ATGL","Largecap","Energy"
"18-09-2026 12:25 pm","HOMEFIRST","Midcap","Financials"
"18-09-2026 12:25 pm","KIMS","Largecap","Healthcare"
"18-09-2026 12:25 pm","VIJAYA","Midcap","Healthcare"
"18-09-2026 12:25 pm","PAYTM","Largecap","I.T"
"18-09-2026 12:25 pm","JYOTICNC","Largecap","Industrials"
"18-09-2026 12:25 pm","BHARTIHEXA","Largecap","Telecom-Service"
"18-09-2026 12:25 pm","TBOTEK","Midcap","I.T"
"18-09-2026 12:25 pm","ACMESOLAR","Largecap","Realty"
"18-09-2026 12:25 pm","SAILIFE","Largecap","Healthcare"
"18-09-2026 12:25 pm","IKS","Largecap","I.T"
"18-09-2026 12:30 pm","PATANJALI","Largecap","FMCG"
"18-09-2026 12:30 pm","TATAPOWER","Largecap","Power & Utilities"
"18-09-2026 12:30 pm","SPLPETRO","Midcap","Energy"
"18-09-2026 12:30 pm","COLPAL","Largecap","FMCG"
"18-09-2026 12:30 pm","BBTC","Midcap","Auto"
"18-09-2026 12:30 pm","COROMANDEL","Largecap","Chemicals"
"18-09-2026 12:30 pm","CARBORUNIV","Largecap","Industrials"
"18-09-2026 12:30 pm","KPIL","Largecap","Realty"
"18-09-2026 12:30 pm","WELCORP","Largecap","Industrials"
"18-09-2026 12:30 pm","JSL","Largecap","Metals & Mining"
"18-09-2026 12:30 pm","ADANIPORTS","Largecap","Transportation"
"18-09-2026 12:30 pm","AIIL","Largecap","Financials"
"18-09-2026 12:30 pm","ADANIGREEN","Largecap","Power & Utilities"
"18-09-2026 12:30 pm","ATGL","Largecap","Energy"
"18-09-2026 12:30 pm","HOMEFIRST","Midcap","Financials"
"18-09-2026 12:30 pm","KIMS","Largecap","Healthcare"
"18-09-2026 12:30 pm","VIJAYA","Midcap","Healthcare"
"18-09-2026 12:30 pm","PAYTM","Largecap","I.T"
"18-09-2026 12:30 pm","JYOTICNC","Largecap","Industrials"
"18-09-2026 12:30 pm","BHARTIHEXA","Largecap","Telecom-Service"
"18-09-2026 12:30 pm","TBOTEK","Midcap","I.T"
"18-09-2026 12:30 pm","ACMESOLAR","Largecap","Realty"
"18-09-2026 12:30 pm","SAILIFE","Largecap","Healthcare"
"18-09-2026 12:30 pm","IKS","Largecap","I.T"
"18-09-2026 12:35 pm","PATANJALI","Largecap","FMCG"
"18-09-2026 12:35 pm","TATAPOWER","Largecap","Power & Utilities"
"18-09-2026 12:35 pm","SPLPETRO","Midcap","Energy"
"18-09-2026 12:35 pm","COLPAL","Largecap","FMCG"
"18-09-2026 12:35 pm","BBTC","Midcap","Auto"
"18-09-2026 12:35 pm","COROMANDEL","Largecap","Chemicals"
"18-09-2026 12:35 pm","CARBORUNIV","Largecap","Industrials"
"18-09-2026 12:35 pm","KPIL","Largecap","Realty"
"18-09-2026 12:35 pm","AUROPHARMA","Largecap","Healthcare"
"18-09-2026 12:35 pm","WELCORP","Largecap","Industrials"
"18-09-2026 12:35 pm","JSL","Largecap","Metals & Mining"
"18-09-2026 12:35 pm","ADANIPORTS","Largecap","Transportation"
"18-09-2026 12:35 pm","AIIL","Largecap","Financials"
"18-09-2026 12:35 pm","ADANIGREEN","Largecap","Power & Utilities"
"18-09-2026 12:35 pm","ATGL","Largecap","Energy"
"18-09-2026 12:35 pm","HOMEFIRST","Midcap","Financials"
"18-09-2026 12:35 pm","KIMS","Largecap","Healthcare"
"18-09-2026 12:35 pm","VIJAYA","Midcap","Healthcare"
"18-09-2026 12:35 pm","PAYTM","Largecap","I.T"
"18-09-2026 12:35 pm","JYOTICNC","Largecap","Industrials"
"18-09-2026 12:35 pm","BHARTIHEXA","Largecap","Telecom-Service"
"18-09-2026 12:35 pm","TBOTEK","Midcap","I.T"
"18-09-2026 12:35 pm","ACMESOLAR","Largecap","Realty"
"18-09-2026 12:35 pm","SAILIFE","Largecap","Healthcare"
"18-09-2026 12:35 pm","IKS","Largecap","I.T"
"18-09-2026 12:40 pm","PATANJALI","Largecap","FMCG"
"18-09-2026 12:40 pm","TATAPOWER","Largecap","Power & Utilities"
"18-09-2026 12:40 pm","SPLPETRO","Midcap","Energy"
"18-09-2026 12:40 pm","COLPAL","Largecap","FMCG"
"18-09-2026 12:40 pm","BBTC","Midcap","Auto"
"18-09-2026 12:40 pm","COROMANDEL","Largecap","Chemicals"
"18-09-2026 12:40 pm","CARBORUNIV","Largecap","Industrials"
"18-09-2026 12:40 pm","KPIL","Largecap","Realty"
"18-09-2026 12:40 pm","CAPLIPOINT","Midcap","Healthcare"
"18-09-2026 12:40 pm","AUROPHARMA","Largecap","Healthcare"
"18-09-2026 12:40 pm","WELCORP","Largecap","Industrials"
"18-09-2026 12:40 pm","JSL","Largecap","Metals & Mining"
"18-09-2026 12:40 pm","ADANIPORTS","Largecap","Transportation"
"18-09-2026 12:40 pm","AIIL","Largecap","Financials"
"18-09-2026 12:40 pm","ADANIGREEN","Largecap","Power & Utilities"
"18-09-2026 12:40 pm","ATGL","Largecap","Energy"
"18-09-2026 12:40 pm","HOMEFIRST","Midcap","Financials"
"18-09-2026 12:40 pm","KIMS","Largecap","Healthcare"
"18-09-2026 12:40 pm","PAYTM","Largecap","I.T"
"18-09-2026 12:40 pm","JYOTICNC","Largecap","Industrials"
"18-09-2026 12:40 pm","BHARTIHEXA","Largecap","Telecom-Service"
"18-09-2026 12:40 pm","TBOTEK","Midcap","I.T"
"18-09-2026 12:40 pm","ACMESOLAR","Largecap","Realty"
"18-09-2026 12:40 pm","SAILIFE","Largecap","Healthcare"
"18-09-2026 12:40 pm","IKS","Largecap","I.T"
"18-09-2026 12:45 pm","PATANJALI","Largecap","FMCG"
"18-09-2026 12:45 pm","TATAPOWER","Largecap","Power & Utilities"
"18-09-2026 12:45 pm","SPLPETRO","Midcap","Energy"
"18-09-2026 12:45 pm","COLPAL","Largecap","FMCG"
"18-09-2026 12:45 pm","BBTC","Midcap","Auto"
"18-09-2026 12:45 pm","COROMANDEL","Largecap","Chemicals"
"18-09-2026 12:45 pm","CARBORUNIV","Largecap","Industrials"
"18-09-2026 12:45 pm","KPIL","Largecap","Realty"
"18-09-2026 12:45 pm","CAPLIPOINT","Midcap","Healthcare"
"18-09-2026 12:45 pm","AUROPHARMA","Largecap","Healthcare"
"18-09-2026 12:45 pm","WELCORP","Largecap","Industrials"
"18-09-2026 12:45 pm","JSL","Largecap","Metals & Mining"
"18-09-2026 12:45 pm","ADANIPORTS","Largecap","Transportation"
"18-09-2026 12:45 pm","AIIL","Largecap","Financials"
"18-09-2026 12:45 pm","ADANIGREEN","Largecap","Power & Utilities"
"18-09-2026 12:45 pm","ATGL","Largecap","Energy"
"18-09-2026 12:45 pm","HOMEFIRST","Midcap","Financials"
"18-09-2026 12:45 pm","KIMS","Largecap","Healthcare"
"18-09-2026 12:45 pm","JYOTICNC","Largecap","Industrials"
"18-09-2026 12:45 pm","BHARTIHEXA","Largecap","Telecom-Service"
"18-09-2026 12:45 pm","TBOTEK","Midcap","I.T"
"18-09-2026 12:45 pm","ACMESOLAR","Largecap","Realty"
"18-09-2026 12:45 pm","SAILIFE","Largecap","Healthcare"
"18-09-2026 12:45 pm","IKS","Largecap","I.T"
"18-09-2026 12:50 pm","PATANJALI","Largecap","FMCG"
"18-09-2026 12:50 pm","TATAPOWER","Largecap","Power & Utilities"
"18-09-2026 12:50 pm","SPLPETRO","Midcap","Energy"
"18-09-2026 12:50 pm","COLPAL","Largecap","FMCG"
"18-09-2026 12:50 pm","BBTC","Midcap","Auto"
"18-09-2026 12:50 pm","COROMANDEL","Largecap","Chemicals"
"18-09-2026 12:50 pm","CARBORUNIV","Largecap","Industrials"
"18-09-2026 12:50 pm","KPIL","Largecap","Realty"
"18-09-2026 12:50 pm","CAPLIPOINT","Midcap","Healthcare"
"18-09-2026 12:50 pm","AUROPHARMA","Largecap","Healthcare"
"18-09-2026 12:50 pm","WELCORP","Largecap","Industrials"
"18-09-2026 12:50 pm","JSL","Largecap","Metals & Mining"
"18-09-2026 12:50 pm","ADANIPORTS","Largecap","Transportation"
"18-09-2026 12:50 pm","AIIL","Largecap","Financials"
"18-09-2026 12:50 pm","ADANIGREEN","Largecap","Power & Utilities"
"18-09-2026 12:50 pm","ATGL","Largecap","Energy"
"18-09-2026 12:50 pm","HOMEFIRST","Midcap","Financials"
"18-09-2026 12:50 pm","KIMS","Largecap","Healthcare"
"18-09-2026 12:50 pm","JYOTICNC","Largecap","Industrials"
"18-09-2026 12:50 pm","BHARTIHEXA","Largecap","Telecom-Service"
"18-09-2026 12:50 pm","TBOTEK","Midcap","I.T"
"18-09-2026 12:50 pm","ACMESOLAR","Largecap","Realty"
"18-09-2026 12:50 pm","SAILIFE","Largecap","Healthcare"
"18-09-2026 12:50 pm","IKS","Largecap","I.T"
"18-09-2026 12:55 pm","BEML","Midcap","Aerospace & Defence"
"18-09-2026 12:55 pm","PATANJALI","Largecap","FMCG"
"18-09-2026 12:55 pm","TATAPOWER","Largecap","Power & Utilities"
"18-09-2026 12:55 pm","SPLPETRO","Midcap","Energy"
"18-09-2026 12:55 pm","COLPAL","Largecap","FMCG"
"18-09-2026 12:55 pm","BBTC","Midcap","Auto"
"18-09-2026 12:55 pm","CARBORUNIV","Largecap","Industrials"
"18-09-2026 12:55 pm","KPIL","Largecap","Realty"
"18-09-2026 12:55 pm","CAPLIPOINT","Midcap","Healthcare"
"18-09-2026 12:55 pm","AUROPHARMA","Largecap","Healthcare"
"18-09-2026 12:55 pm","WELCORP","Largecap","Industrials"
"18-09-2026 12:55 pm","JSL","Largecap","Metals & Mining"
"18-09-2026 12:55 pm","ADANIPORTS","Largecap","Transportation"
"18-09-2026 12:55 pm","ADANIGREEN","Largecap","Power & Utilities"
"18-09-2026 12:55 pm","ATGL","Largecap","Energy"
"18-09-2026 12:55 pm","HOMEFIRST","Midcap","Financials"
"18-09-2026 12:55 pm","KIMS","Largecap","Healthcare"
"18-09-2026 12:55 pm","JYOTICNC","Largecap","Industrials"
"18-09-2026 12:55 pm","BHARTIHEXA","Largecap","Telecom-Service"
"18-09-2026 12:55 pm","TBOTEK","Midcap","I.T"
"18-09-2026 12:55 pm","ACMESOLAR","Largecap","Realty"
"18-09-2026 12:55 pm","SAILIFE","Largecap","Healthcare"
"18-09-2026 12:55 pm","IKS","Largecap","I.T"
"18-09-2026 1:00 pm","BEML","Midcap","Aerospace & Defence"
"18-09-2026 1:00 pm","PATANJALI","Largecap","FMCG"
"18-09-2026 1:00 pm","TATAPOWER","Largecap","Power & Utilities"
"18-09-2026 1:00 pm","COLPAL","Largecap","FMCG"
"18-09-2026 1:00 pm","TATAINVEST","Largecap","Financials"
"18-09-2026 1:00 pm","BBTC","Midcap","Auto"
"18-09-2026 1:00 pm","CARBORUNIV","Largecap","Industrials"
"18-09-2026 1:00 pm","KPIL","Largecap","Realty"
"18-09-2026 1:00 pm","CAPLIPOINT","Midcap","Healthcare"
"18-09-2026 1:00 pm","AUROPHARMA","Largecap","Healthcare"
"18-09-2026 1:00 pm","WELCORP","Largecap","Industrials"
"18-09-2026 1:00 pm","JSL","Largecap","Metals & Mining"
"18-09-2026 1:00 pm","ADANIPORTS","Largecap","Transportation"
"18-09-2026 1:00 pm","RBLBANK","Largecap","Bank"
"18-09-2026 1:00 pm","ADANIGREEN","Largecap","Power & Utilities"
"18-09-2026 1:00 pm","ATGL","Largecap","Energy"
"18-09-2026 1:00 pm","HOMEFIRST","Midcap","Financials"
"18-09-2026 1:00 pm","KIMS","Largecap","Healthcare"
"18-09-2026 1:00 pm","JYOTICNC","Largecap","Industrials"
"18-09-2026 1:00 pm","BHARTIHEXA","Largecap","Telecom-Service"
"18-09-2026 1:00 pm","TBOTEK","Midcap","I.T"
"18-09-2026 1:00 pm","ACMESOLAR","Largecap","Realty"
"18-09-2026 1:00 pm","SAILIFE","Largecap","Healthcare"
"18-09-2026 1:00 pm","IKS","Largecap","I.T"
"18-09-2026 1:05 pm","BEML","Midcap","Aerospace & Defence"
"18-09-2026 1:05 pm","PATANJALI","Largecap","FMCG"
"18-09-2026 1:05 pm","TATAPOWER","Largecap","Power & Utilities"
"18-09-2026 1:05 pm","COLPAL","Largecap","FMCG"
"18-09-2026 1:05 pm","TATAINVEST","Largecap","Financials"
"18-09-2026 1:05 pm","COROMANDEL","Largecap","Chemicals"
"18-09-2026 1:05 pm","KPIL","Largecap","Realty"
"18-09-2026 1:05 pm","CAPLIPOINT","Midcap","Healthcare"
"18-09-2026 1:05 pm","AUROPHARMA","Largecap","Healthcare"
"18-09-2026 1:05 pm","WELCORP","Largecap","Industrials"
"18-09-2026 1:05 pm","JSL","Largecap","Metals & Mining"
"18-09-2026 1:05 pm","ADANIPORTS","Largecap","Transportation"
"18-09-2026 1:05 pm","ADANIGREEN","Largecap","Power & Utilities"
"18-09-2026 1:05 pm","ATGL","Largecap","Energy"
"18-09-2026 1:05 pm","HOMEFIRST","Midcap","Financials"
"18-09-2026 1:05 pm","KIMS","Largecap","Healthcare"
"18-09-2026 1:05 pm","PAYTM","Largecap","I.T"
"18-09-2026 1:05 pm","JYOTICNC","Largecap","Industrials"
"18-09-2026 1:05 pm","BHARTIHEXA","Largecap","Telecom-Service"
"18-09-2026 1:05 pm","TBOTEK","Midcap","I.T"
"18-09-2026 1:05 pm","ACMESOLAR","Largecap","Realty"
"18-09-2026 1:05 pm","SAILIFE","Largecap","Healthcare"
"18-09-2026 1:05 pm","IKS","Largecap","I.T"
"18-09-2026 1:10 pm","BEML","Midcap","Aerospace & Defence"
"18-09-2026 1:10 pm","PATANJALI","Largecap","FMCG"
"18-09-2026 1:10 pm","TATAPOWER","Largecap","Power & Utilities"
"18-09-2026 1:10 pm","SPLPETRO","Midcap","Energy"
"18-09-2026 1:10 pm","COLPAL","Largecap","FMCG"
"18-09-2026 1:10 pm","TATAINVEST","Largecap","Financials"
"18-09-2026 1:10 pm","COROMANDEL","Largecap","Chemicals"
"18-09-2026 1:10 pm","KPIL","Largecap","Realty"
"18-09-2026 1:10 pm","CAPLIPOINT","Midcap","Healthcare"
"18-09-2026 1:10 pm","AUROPHARMA","Largecap","Healthcare"
"18-09-2026 1:10 pm","WELCORP","Largecap","Industrials"
"18-09-2026 1:10 pm","JSL","Largecap","Metals & Mining"
"18-09-2026 1:10 pm","ADANIPORTS","Largecap","Transportation"
"18-09-2026 1:10 pm","ADANIGREEN","Largecap","Power & Utilities"
"18-09-2026 1:10 pm","ATGL","Largecap","Energy"
"18-09-2026 1:10 pm","HOMEFIRST","Midcap","Financials"
"18-09-2026 1:10 pm","KIMS","Largecap","Healthcare"
"18-09-2026 1:10 pm","PAYTM","Largecap","I.T"
"18-09-2026 1:10 pm","JYOTICNC","Largecap","Industrials"
"18-09-2026 1:10 pm","BHARTIHEXA","Largecap","Telecom-Service"
"18-09-2026 1:10 pm","TBOTEK","Midcap","I.T"
"18-09-2026 1:10 pm","ACMESOLAR","Largecap","Realty"
"18-09-2026 1:10 pm","SAILIFE","Largecap","Healthcare"
"18-09-2026 1:10 pm","IKS","Largecap","I.T"
"18-09-2026 1:15 pm","BEML","Midcap","Aerospace & Defence"
"18-09-2026 1:15 pm","PATANJALI","Largecap","FMCG"
"18-09-2026 1:15 pm","TATAPOWER","Largecap","Power & Utilities"
"18-09-2026 1:15 pm","SPLPETRO","Midcap","Energy"
"18-09-2026 1:15 pm","COLPAL","Largecap","FMCG"
"18-09-2026 1:15 pm","TATAINVEST","Largecap","Financials"
"18-09-2026 1:15 pm","COROMANDEL","Largecap","Chemicals"
"18-09-2026 1:15 pm","KPIL","Largecap","Realty"
"18-09-2026 1:15 pm","CAPLIPOINT","Midcap","Healthcare"
"18-09-2026 1:15 pm","AUROPHARMA","Largecap","Healthcare"
"18-09-2026 1:15 pm","WELCORP","Largecap","Industrials"
"18-09-2026 1:15 pm","JSL","Largecap","Metals & Mining"
"18-09-2026 1:15 pm","ADANIPORTS","Largecap","Transportation"
"18-09-2026 1:15 pm","AIIL","Largecap","Financials"
"18-09-2026 1:15 pm","ADANIGREEN","Largecap","Power & Utilities"
"18-09-2026 1:15 pm","ATGL","Largecap","Energy"
"18-09-2026 1:15 pm","HOMEFIRST","Midcap","Financials"
"18-09-2026 1:15 pm","KIMS","Largecap","Healthcare"
"18-09-2026 1:15 pm","PAYTM","Largecap","I.T"
"18-09-2026 1:15 pm","JYOTICNC","Largecap","Industrials"
"18-09-2026 1:15 pm","BHARTIHEXA","Largecap","Telecom-Service"
"18-09-2026 1:15 pm","TBOTEK","Midcap","I.T"
"18-09-2026 1:15 pm","ACMESOLAR","Largecap","Realty"
"18-09-2026 1:15 pm","SAILIFE","Largecap","Healthcare"
"18-09-2026 1:15 pm","IKS","Largecap","I.T"
"18-09-2026 1:20 pm","AEGISLOG","Largecap","Services"
"18-09-2026 1:20 pm","BEML","Midcap","Aerospace & Defence"
"18-09-2026 1:20 pm","PATANJALI","Largecap","FMCG"
"18-09-2026 1:20 pm","TATAPOWER","Largecap","Power & Utilities"
"18-09-2026 1:20 pm","SPLPETRO","Midcap","Energy"
"18-09-2026 1:20 pm","COLPAL","Largecap","FMCG"
"18-09-2026 1:20 pm","TATAINVEST","Largecap","Financials"
"18-09-2026 1:20 pm","COROMANDEL","Largecap","Chemicals"
"18-09-2026 1:20 pm","KPIL","Largecap","Realty"
"18-09-2026 1:20 pm","CAPLIPOINT","Midcap","Healthcare"
"18-09-2026 1:20 pm","AUROPHARMA","Largecap","Healthcare"
"18-09-2026 1:20 pm","JUBLPHARMA","Midcap","Healthcare"
"18-09-2026 1:20 pm","WELCORP","Largecap","Industrials"
"18-09-2026 1:20 pm","JSL","Largecap","Metals & Mining"
"18-09-2026 1:20 pm","ADANIPORTS","Largecap","Transportation"
"18-09-2026 1:20 pm","AIIL","Largecap","Financials"
"18-09-2026 1:20 pm","ADANIGREEN","Largecap","Power & Utilities"
"18-09-2026 1:20 pm","ATGL","Largecap","Energy"
"18-09-2026 1:20 pm","HOMEFIRST","Midcap","Financials"
"18-09-2026 1:20 pm","KIMS","Largecap","Healthcare"
"18-09-2026 1:20 pm","PAYTM","Largecap","I.T"
"18-09-2026 1:20 pm","JYOTICNC","Largecap","Industrials"
"18-09-2026 1:20 pm","BHARTIHEXA","Largecap","Telecom-Service"
"18-09-2026 1:20 pm","TBOTEK","Midcap","I.T"
"18-09-2026 1:20 pm","ACMESOLAR","Largecap","Realty"
"18-09-2026 1:20 pm","SAILIFE","Largecap","Healthcare"
"18-09-2026 1:20 pm","IKS","Largecap","I.T"
"18-09-2026 1:25 pm","AEGISLOG","Largecap","Services"
"18-09-2026 1:25 pm","BEML","Midcap","Aerospace & Defence"
"18-09-2026 1:25 pm","TATAPOWER","Largecap","Power & Utilities"
"18-09-2026 1:25 pm","SPLPETRO","Midcap","Energy"
"18-09-2026 1:25 pm","COLPAL","Largecap","FMCG"
"18-09-2026 1:25 pm","TATAINVEST","Largecap","Financials"
"18-09-2026 1:25 pm","VTL","Midcap","Textiles"
"18-09-2026 1:25 pm","COROMANDEL","Largecap","Chemicals"
"18-09-2026 1:25 pm","KPIL","Largecap","Realty"
"18-09-2026 1:25 pm","CAPLIPOINT","Midcap","Healthcare"
"18-09-2026 1:25 pm","AUROPHARMA","Largecap","Healthcare"
"18-09-2026 1:25 pm","JUBLPHARMA","Midcap","Healthcare"
"18-09-2026 1:25 pm","WELCORP","Largecap","Industrials"
"18-09-2026 1:25 pm","JSL","Largecap","Metals & Mining"
"18-09-2026 1:25 pm","ADANIPORTS","Largecap","Transportation"
"18-09-2026 1:25 pm","AIIL","Largecap","Financials"
"18-09-2026 1:25 pm","ADANIGREEN","Largecap","Power & Utilities"
"18-09-2026 1:25 pm","ATGL","Largecap","Energy"
"18-09-2026 1:25 pm","HOMEFIRST","Midcap","Financials"
"18-09-2026 1:25 pm","KIMS","Largecap","Healthcare"
"18-09-2026 1:25 pm","PAYTM","Largecap","I.T"
"18-09-2026 1:25 pm","SYRMA","Largecap","Consumer Discretionary"
"18-09-2026 1:25 pm","JYOTICNC","Largecap","Industrials"
"18-09-2026 1:25 pm","BHARTIHEXA","Largecap","Telecom-Service"
"18-09-2026 1:25 pm","TBOTEK","Midcap","I.T"
"18-09-2026 1:25 pm","ACMESOLAR","Largecap","Realty"
"18-09-2026 1:25 pm","SAILIFE","Largecap","Healthcare"
"18-09-2026 1:25 pm","IKS","Largecap","I.T"
"18-09-2026 1:30 pm","AEGISLOG","Largecap","Services"
"18-09-2026 1:30 pm","BEML","Midcap","Aerospace & Defence"
"18-09-2026 1:30 pm","TATAPOWER","Largecap","Power & Utilities"
"18-09-2026 1:30 pm","SPLPETRO","Midcap","Energy"
"18-09-2026 1:30 pm","COLPAL","Largecap","FMCG"
"18-09-2026 1:30 pm","TATAINVEST","Largecap","Financials"
"18-09-2026 1:30 pm","VTL","Midcap","Textiles"
"18-09-2026 1:30 pm","COROMANDEL","Largecap","Chemicals"
"18-09-2026 1:30 pm","CARBORUNIV","Largecap","Industrials"
"18-09-2026 1:30 pm","KPIL","Largecap","Realty"
"18-09-2026 1:30 pm","CAPLIPOINT","Midcap","Healthcare"
"18-09-2026 1:30 pm","AUROPHARMA","Largecap","Healthcare"
"18-09-2026 1:30 pm","JUBLPHARMA","Midcap","Healthcare"
"18-09-2026 1:30 pm","WELCORP","Largecap","Industrials"
"18-09-2026 1:30 pm","JSL","Largecap","Metals & Mining"
"18-09-2026 1:30 pm","ADANIPORTS","Largecap","Transportation"
"18-09-2026 1:30 pm","AIIL","Largecap","Financials"
"18-09-2026 1:30 pm","ADANIGREEN","Largecap","Power & Utilities"
"18-09-2026 1:30 pm","ATGL","Largecap","Energy"
"18-09-2026 1:30 pm","HOMEFIRST","Midcap","Financials"
"18-09-2026 1:30 pm","KIMS","Largecap","Healthcare"
"18-09-2026 1:30 pm","PAYTM","Largecap","I.T"
"18-09-2026 1:30 pm","SYRMA","Largecap","Consumer Discretionary"
"18-09-2026 1:30 pm","JYOTICNC","Largecap","Industrials"
"18-09-2026 1:30 pm","BHARTIHEXA","Largecap","Telecom-Service"
"18-09-2026 1:30 pm","TBOTEK","Midcap","I.T"
"18-09-2026 1:30 pm","ACMESOLAR","Largecap","Realty"
"18-09-2026 1:30 pm","SAILIFE","Largecap","Healthcare"
"18-09-2026 1:30 pm","IKS","Largecap","I.T"
"18-09-2026 1:35 pm","AEGISLOG","Largecap","Services"
"18-09-2026 1:35 pm","BEML","Midcap","Aerospace & Defence"
"18-09-2026 1:35 pm","SPLPETRO","Midcap","Energy"
"18-09-2026 1:35 pm","COLPAL","Largecap","FMCG"
"18-09-2026 1:35 pm","TATAINVEST","Largecap","Financials"
"18-09-2026 1:35 pm","VTL","Midcap","Textiles"
"18-09-2026 1:35 pm","COROMANDEL","Largecap","Chemicals"
"18-09-2026 1:35 pm","CARBORUNIV","Largecap","Industrials"
"18-09-2026 1:35 pm","KPIL","Largecap","Realty"
"18-09-2026 1:35 pm","CAPLIPOINT","Midcap","Healthcare"
"18-09-2026 1:35 pm","AUROPHARMA","Largecap","Healthcare"
"18-09-2026 1:35 pm","JUBLPHARMA","Midcap","Healthcare"
"18-09-2026 1:35 pm","WELCORP","Largecap","Industrials"
"18-09-2026 1:35 pm","JSL","Largecap","Metals & Mining"
"18-09-2026 1:35 pm","ADANIPORTS","Largecap","Transportation"
"18-09-2026 1:35 pm","AIIL","Largecap","Financials"
"18-09-2026 1:35 pm","ADANIGREEN","Largecap","Power & Utilities"
"18-09-2026 1:35 pm","ATGL","Largecap","Energy"
"18-09-2026 1:35 pm","HOMEFIRST","Midcap","Financials"
"18-09-2026 1:35 pm","KIMS","Largecap","Healthcare"
"18-09-2026 1:35 pm","PAYTM","Largecap","I.T"
"18-09-2026 1:35 pm","SYRMA","Largecap","Consumer Discretionary"
"18-09-2026 1:35 pm","JYOTICNC","Largecap","Industrials"
"18-09-2026 1:35 pm","BHARTIHEXA","Largecap","Telecom-Service"
"18-09-2026 1:35 pm","TBOTEK","Midcap","I.T"
"18-09-2026 1:35 pm","ACMESOLAR","Largecap","Realty"
"18-09-2026 1:35 pm","SAILIFE","Largecap","Healthcare"
"18-09-2026 1:35 pm","IKS","Largecap","I.T"
"18-09-2026 1:40 pm","AEGISLOG","Largecap","Services"
"18-09-2026 1:40 pm","BEML","Midcap","Aerospace & Defence"
"18-09-2026 1:40 pm","SPLPETRO","Midcap","Energy"
"18-09-2026 1:40 pm","COLPAL","Largecap","FMCG"
"18-09-2026 1:40 pm","TATAINVEST","Largecap","Financials"
"18-09-2026 1:40 pm","VTL","Midcap","Textiles"
"18-09-2026 1:40 pm","COROMANDEL","Largecap","Chemicals"
"18-09-2026 1:40 pm","CARBORUNIV","Largecap","Industrials"
"18-09-2026 1:40 pm","KPIL","Largecap","Realty"
"18-09-2026 1:40 pm","CAPLIPOINT","Midcap","Healthcare"
"18-09-2026 1:40 pm","AUROPHARMA","Largecap","Healthcare"
"18-09-2026 1:40 pm","JUBLPHARMA","Midcap","Healthcare"
"18-09-2026 1:40 pm","WELCORP","Largecap","Industrials"
"18-09-2026 1:40 pm","JSL","Largecap","Metals & Mining"
"18-09-2026 1:40 pm","ADANIPORTS","Largecap","Transportation"
"18-09-2026 1:40 pm","AIIL","Largecap","Financials"
"18-09-2026 1:40 pm","ADANIGREEN","Largecap","Power & Utilities"
"18-09-2026 1:40 pm","ATGL","Largecap","Energy"
"18-09-2026 1:40 pm","HOMEFIRST","Midcap","Financials"
"18-09-2026 1:40 pm","KIMS","Largecap","Healthcare"
"18-09-2026 1:40 pm","PAYTM","Largecap","I.T"
"18-09-2026 1:40 pm","SYRMA","Largecap","Consumer Discretionary"
"18-09-2026 1:40 pm","JYOTICNC","Largecap","Industrials"
"18-09-2026 1:40 pm","BHARTIHEXA","Largecap","Telecom-Service"
"18-09-2026 1:40 pm","TBOTEK","Midcap","I.T"
"18-09-2026 1:40 pm","ACMESOLAR","Largecap","Realty"
"18-09-2026 1:40 pm","SAILIFE","Largecap","Healthcare"
"18-09-2026 1:40 pm","IKS","Largecap","I.T"
"18-09-2026 1:45 pm","AEGISLOG","Largecap","Services"
"18-09-2026 1:45 pm","BEML","Midcap","Aerospace & Defence"
"18-09-2026 1:45 pm","SPLPETRO","Midcap","Energy"
"18-09-2026 1:45 pm","COLPAL","Largecap","FMCG"
"18-09-2026 1:45 pm","TATAINVEST","Largecap","Financials"
"18-09-2026 1:45 pm","VTL","Midcap","Textiles"
"18-09-2026 1:45 pm","COROMANDEL","Largecap","Chemicals"
"18-09-2026 1:45 pm","CARBORUNIV","Largecap","Industrials"
"18-09-2026 1:45 pm","KPIL","Largecap","Realty"
"18-09-2026 1:45 pm","CAPLIPOINT","Midcap","Healthcare"
"18-09-2026 1:45 pm","AUROPHARMA","Largecap","Healthcare"
"18-09-2026 1:45 pm","JUBLPHARMA","Midcap","Healthcare"
"18-09-2026 1:45 pm","WELCORP","Largecap","Industrials"
"18-09-2026 1:45 pm","JSL","Largecap","Metals & Mining"
"18-09-2026 1:45 pm","ADANIPORTS","Largecap","Transportation"
"18-09-2026 1:45 pm","AIIL","Largecap","Financials"
"18-09-2026 1:45 pm","ADANIGREEN","Largecap","Power & Utilities"
"18-09-2026 1:45 pm","ATGL","Largecap","Energy"
"18-09-2026 1:45 pm","HOMEFIRST","Midcap","Financials"
"18-09-2026 1:45 pm","KIMS","Largecap","Healthcare"
"18-09-2026 1:45 pm","VIJAYA","Midcap","Healthcare"
"18-09-2026 1:45 pm","PAYTM","Largecap","I.T"
"18-09-2026 1:45 pm","SYRMA","Largecap","Consumer Discretionary"
"18-09-2026 1:45 pm","JYOTICNC","Largecap","Industrials"
"18-09-2026 1:45 pm","BHARTIHEXA","Largecap","Telecom-Service"
"18-09-2026 1:45 pm","TBOTEK","Midcap","I.T"
"18-09-2026 1:45 pm","ACMESOLAR","Largecap","Realty"
"18-09-2026 1:45 pm","SAILIFE","Largecap","Healthcare"
"18-09-2026 1:45 pm","IKS","Largecap","I.T"
"18-09-2026 1:50 pm","AEGISLOG","Largecap","Services"
"18-09-2026 1:50 pm","BEML","Midcap","Aerospace & Defence"
"18-09-2026 1:50 pm","SPLPETRO","Midcap","Energy"
"18-09-2026 1:50 pm","COLPAL","Largecap","FMCG"
"18-09-2026 1:50 pm","TATAINVEST","Largecap","Financials"
"18-09-2026 1:50 pm","VTL","Midcap","Textiles"
"18-09-2026 1:50 pm","COROMANDEL","Largecap","Chemicals"
"18-09-2026 1:50 pm","CARBORUNIV","Largecap","Industrials"
"18-09-2026 1:50 pm","KPIL","Largecap","Realty"
"18-09-2026 1:50 pm","CAPLIPOINT","Midcap","Healthcare"
"18-09-2026 1:50 pm","AUROPHARMA","Largecap","Healthcare"
"18-09-2026 1:50 pm","JUBLPHARMA","Midcap","Healthcare"
"18-09-2026 1:50 pm","WELCORP","Largecap","Industrials"
"18-09-2026 1:50 pm","JSL","Largecap","Metals & Mining"
"18-09-2026 1:50 pm","ADANIPORTS","Largecap","Transportation"
"18-09-2026 1:50 pm","AIIL","Largecap","Financials"
"18-09-2026 1:50 pm","ADANIGREEN","Largecap","Power & Utilities"
"18-09-2026 1:50 pm","ATGL","Largecap","Energy"
"18-09-2026 1:50 pm","HOMEFIRST","Midcap","Financials"
"18-09-2026 1:50 pm","KIMS","Largecap","Healthcare"
"18-09-2026 1:50 pm","VIJAYA","Midcap","Healthcare"
"18-09-2026 1:50 pm","PAYTM","Largecap","I.T"
"18-09-2026 1:50 pm","SYRMA","Largecap","Consumer Discretionary"
"18-09-2026 1:50 pm","JYOTICNC","Largecap","Industrials"
"18-09-2026 1:50 pm","BHARTIHEXA","Largecap","Telecom-Service"
"18-09-2026 1:50 pm","TBOTEK","Midcap","I.T"
"18-09-2026 1:50 pm","ACMESOLAR","Largecap","Realty"
"18-09-2026 1:50 pm","SAILIFE","Largecap","Healthcare"
"18-09-2026 1:50 pm","IKS","Largecap","I.T"
"18-09-2026 1:55 pm","AEGISLOG","Largecap","Services"
"18-09-2026 1:55 pm","BEML","Midcap","Aerospace & Defence"
"18-09-2026 1:55 pm","SPLPETRO","Midcap","Energy"
"18-09-2026 1:55 pm","COLPAL","Largecap","FMCG"
"18-09-2026 1:55 pm","TATAINVEST","Largecap","Financials"
"18-09-2026 1:55 pm","VTL","Midcap","Textiles"
"18-09-2026 1:55 pm","COROMANDEL","Largecap","Chemicals"
"18-09-2026 1:55 pm","CARBORUNIV","Largecap","Industrials"
"18-09-2026 1:55 pm","KPIL","Largecap","Realty"
"18-09-2026 1:55 pm","CAPLIPOINT","Midcap","Healthcare"
"18-09-2026 1:55 pm","AUROPHARMA","Largecap","Healthcare"
"18-09-2026 1:55 pm","JUBLPHARMA","Midcap","Healthcare"
"18-09-2026 1:55 pm","WELCORP","Largecap","Industrials"
"18-09-2026 1:55 pm","JSL","Largecap","Metals & Mining"
"18-09-2026 1:55 pm","ADANIPORTS","Largecap","Transportation"
"18-09-2026 1:55 pm","AIIL","Largecap","Financials"
"18-09-2026 1:55 pm","ADANIGREEN","Largecap","Power & Utilities"
"18-09-2026 1:55 pm","ATGL","Largecap","Energy"
"18-09-2026 1:55 pm","HOMEFIRST","Midcap","Financials"
"18-09-2026 1:55 pm","KIMS","Largecap","Healthcare"
"18-09-2026 1:55 pm","VIJAYA","Midcap","Healthcare"
"18-09-2026 1:55 pm","PAYTM","Largecap","I.T"
"18-09-2026 1:55 pm","SYRMA","Largecap","Consumer Discretionary"
"18-09-2026 1:55 pm","JYOTICNC","Largecap","Industrials"
"18-09-2026 1:55 pm","BHARTIHEXA","Largecap","Telecom-Service"
"18-09-2026 1:55 pm","TBOTEK","Midcap","I.T"
"18-09-2026 1:55 pm","SAILIFE","Largecap","Healthcare"
"18-09-2026 1:55 pm","IKS","Largecap","I.T"
"18-09-2026 2:00 pm","AEGISLOG","Largecap","Services"
"18-09-2026 2:00 pm","BEML","Midcap","Aerospace & Defence"
"18-09-2026 2:00 pm","SPLPETRO","Midcap","Energy"
"18-09-2026 2:00 pm","COLPAL","Largecap","FMCG"
"18-09-2026 2:00 pm","TATAINVEST","Largecap","Financials"
"18-09-2026 2:00 pm","BBTC","Midcap","Auto"
"18-09-2026 2:00 pm","VTL","Midcap","Textiles"
"18-09-2026 2:00 pm","COROMANDEL","Largecap","Chemicals"
"18-09-2026 2:00 pm","CARBORUNIV","Largecap","Industrials"
"18-09-2026 2:00 pm","KPIL","Largecap","Realty"
"18-09-2026 2:00 pm","CAPLIPOINT","Midcap","Healthcare"
"18-09-2026 2:00 pm","AUROPHARMA","Largecap","Healthcare"
"18-09-2026 2:00 pm","JUBLPHARMA","Midcap","Healthcare"
"18-09-2026 2:00 pm","WELCORP","Largecap","Industrials"
"18-09-2026 2:00 pm","JSL","Largecap","Metals & Mining"
"18-09-2026 2:00 pm","ADANIPORTS","Largecap","Transportation"
"18-09-2026 2:00 pm","AIIL","Largecap","Financials"
"18-09-2026 2:00 pm","ADANIGREEN","Largecap","Power & Utilities"
"18-09-2026 2:00 pm","ATGL","Largecap","Energy"
"18-09-2026 2:00 pm","HOMEFIRST","Midcap","Financials"
"18-09-2026 2:00 pm","KIMS","Largecap","Healthcare"
"18-09-2026 2:00 pm","VIJAYA","Midcap","Healthcare"
"18-09-2026 2:00 pm","PAYTM","Largecap","I.T"
"18-09-2026 2:00 pm","SYRMA","Largecap","Consumer Discretionary"
"18-09-2026 2:00 pm","JYOTICNC","Largecap","Industrials"
"18-09-2026 2:00 pm","BHARTIHEXA","Largecap","Telecom-Service"
"18-09-2026 2:00 pm","SAILIFE","Largecap","Healthcare"
"18-09-2026 2:00 pm","IKS","Largecap","I.T"
"18-09-2026 2:05 pm","AEGISLOG","Largecap","Services"
"18-09-2026 2:05 pm","BEML","Midcap","Aerospace & Defence"
"18-09-2026 2:05 pm","SPLPETRO","Midcap","Energy"
"18-09-2026 2:05 pm","COLPAL","Largecap","FMCG"
"18-09-2026 2:05 pm","TATAINVEST","Largecap","Financials"
"18-09-2026 2:05 pm","BBTC","Midcap","Auto"
"18-09-2026 2:05 pm","VTL","Midcap","Textiles"
"18-09-2026 2:05 pm","COROMANDEL","Largecap","Chemicals"
"18-09-2026 2:05 pm","CARBORUNIV","Largecap","Industrials"
"18-09-2026 2:05 pm","KPIL","Largecap","Realty"
"18-09-2026 2:05 pm","AUROPHARMA","Largecap","Healthcare"
"18-09-2026 2:05 pm","JUBLPHARMA","Midcap","Healthcare"
"18-09-2026 2:05 pm","WELCORP","Largecap","Industrials"
"18-09-2026 2:05 pm","JSL","Largecap","Metals & Mining"
"18-09-2026 2:05 pm","ADANIPORTS","Largecap","Transportation"
"18-09-2026 2:05 pm","AIIL","Largecap","Financials"
"18-09-2026 2:05 pm","ADANIGREEN","Largecap","Power & Utilities"
"18-09-2026 2:05 pm","ATGL","Largecap","Energy"
"18-09-2026 2:05 pm","HOMEFIRST","Midcap","Financials"
"18-09-2026 2:05 pm","KIMS","Largecap","Healthcare"
"18-09-2026 2:05 pm","VIJAYA","Midcap","Healthcare"
"18-09-2026 2:05 pm","PAYTM","Largecap","I.T"
"18-09-2026 2:05 pm","SYRMA","Largecap","Consumer Discretionary"
"18-09-2026 2:05 pm","JYOTICNC","Largecap","Industrials"
"18-09-2026 2:05 pm","BHARTIHEXA","Largecap","Telecom-Service"
"18-09-2026 2:05 pm","SAILIFE","Largecap","Healthcare"
"18-09-2026 2:05 pm","IKS","Largecap","I.T"
"18-09-2026 2:10 pm","AEGISLOG","Largecap","Services"
"18-09-2026 2:10 pm","BEML","Midcap","Aerospace & Defence"
"18-09-2026 2:10 pm","SPLPETRO","Midcap","Energy"
"18-09-2026 2:10 pm","COLPAL","Largecap","FMCG"
"18-09-2026 2:10 pm","TATAINVEST","Largecap","Financials"
"18-09-2026 2:10 pm","BBTC","Midcap","Auto"
"18-09-2026 2:10 pm","VTL","Midcap","Textiles"
"18-09-2026 2:10 pm","COROMANDEL","Largecap","Chemicals"
"18-09-2026 2:10 pm","CARBORUNIV","Largecap","Industrials"
"18-09-2026 2:10 pm","KPIL","Largecap","Realty"
"18-09-2026 2:10 pm","AUROPHARMA","Largecap","Healthcare"
"18-09-2026 2:10 pm","JUBLPHARMA","Midcap","Healthcare"
"18-09-2026 2:10 pm","WELCORP","Largecap","Industrials"
"18-09-2026 2:10 pm","JSL","Largecap","Metals & Mining"
"18-09-2026 2:10 pm","ADANIPORTS","Largecap","Transportation"
"18-09-2026 2:10 pm","AIIL","Largecap","Financials"
"18-09-2026 2:10 pm","RBLBANK","Largecap","Bank"
"18-09-2026 2:10 pm","ADANIGREEN","Largecap","Power & Utilities"
"18-09-2026 2:10 pm","ATGL","Largecap","Energy"
"18-09-2026 2:10 pm","CHALET","Midcap","Services"
"18-09-2026 2:10 pm","HOMEFIRST","Midcap","Financials"
"18-09-2026 2:10 pm","KIMS","Largecap","Healthcare"
"18-09-2026 2:10 pm","VIJAYA","Midcap","Healthcare"
"18-09-2026 2:10 pm","PAYTM","Largecap","I.T"
"18-09-2026 2:10 pm","SYRMA","Largecap","Consumer Discretionary"
"18-09-2026 2:10 pm","JYOTICNC","Largecap","Industrials"
"18-09-2026 2:10 pm","BHARTIHEXA","Largecap","Telecom-Service"
"18-09-2026 2:10 pm","SAILIFE","Largecap","Healthcare"
"18-09-2026 2:10 pm","IKS","Largecap","I.T"
"18-09-2026 2:15 pm","AEGISLOG","Largecap","Services"
"18-09-2026 2:15 pm","BEML","Midcap","Aerospace & Defence"
"18-09-2026 2:15 pm","SPLPETRO","Midcap","Energy"
"18-09-2026 2:15 pm","COLPAL","Largecap","FMCG"
"18-09-2026 2:15 pm","TATAINVEST","Largecap","Financials"
"18-09-2026 2:15 pm","BBTC","Midcap","Auto"
"18-09-2026 2:15 pm","VTL","Midcap","Textiles"
"18-09-2026 2:15 pm","COROMANDEL","Largecap","Chemicals"
"18-09-2026 2:15 pm","CARBORUNIV","Largecap","Industrials"
"18-09-2026 2:15 pm","KPIL","Largecap","Realty"
"18-09-2026 2:15 pm","AUROPHARMA","Largecap","Healthcare"
"18-09-2026 2:15 pm","JUBLPHARMA","Midcap","Healthcare"
"18-09-2026 2:15 pm","WELCORP","Largecap","Industrials"
"18-09-2026 2:15 pm","JSL","Largecap","Metals & Mining"
"18-09-2026 2:15 pm","ADANIPORTS","Largecap","Transportation"
"18-09-2026 2:15 pm","AIIL","Largecap","Financials"
"18-09-2026 2:15 pm","RBLBANK","Largecap","Bank"
"18-09-2026 2:15 pm","ADANIGREEN","Largecap","Power & Utilities"
"18-09-2026 2:15 pm","ATGL","Largecap","Energy"
"18-09-2026 2:15 pm","CHALET","Midcap","Services"
"18-09-2026 2:15 pm","HOMEFIRST","Midcap","Financials"
"18-09-2026 2:15 pm","KIMS","Largecap","Healthcare"
"18-09-2026 2:15 pm","VIJAYA","Midcap","Healthcare"
"18-09-2026 2:15 pm","PAYTM","Largecap","I.T"
"18-09-2026 2:15 pm","JYOTICNC","Largecap","Industrials"
"18-09-2026 2:15 pm","BHARTIHEXA","Largecap","Telecom-Service"
"18-09-2026 2:15 pm","SAILIFE","Largecap","Healthcare"
"18-09-2026 2:15 pm","IKS","Largecap","I.T"
"18-09-2026 2:20 pm","BEML","Midcap","Aerospace & Defence"
"18-09-2026 2:20 pm","SPLPETRO","Midcap","Energy"
"18-09-2026 2:20 pm","COLPAL","Largecap","FMCG"
"18-09-2026 2:20 pm","TATAINVEST","Largecap","Financials"
"18-09-2026 2:20 pm","BBTC","Midcap","Auto"
"18-09-2026 2:20 pm","VTL","Midcap","Textiles"
"18-09-2026 2:20 pm","COROMANDEL","Largecap","Chemicals"
"18-09-2026 2:20 pm","CARBORUNIV","Largecap","Industrials"
"18-09-2026 2:20 pm","AUROPHARMA","Largecap","Healthcare"
"18-09-2026 2:20 pm","JUBLPHARMA","Midcap","Healthcare"
"18-09-2026 2:20 pm","WELCORP","Largecap","Industrials"
"18-09-2026 2:20 pm","JSL","Largecap","Metals & Mining"
"18-09-2026 2:20 pm","ADANIPORTS","Largecap","Transportation"
"18-09-2026 2:20 pm","AIIL","Largecap","Financials"
"18-09-2026 2:20 pm","RBLBANK","Largecap","Bank"
"18-09-2026 2:20 pm","ATGL","Largecap","Energy"
"18-09-2026 2:20 pm","CHALET","Midcap","Services"
"18-09-2026 2:20 pm","HOMEFIRST","Midcap","Financials"
"18-09-2026 2:20 pm","KIMS","Largecap","Healthcare"
"18-09-2026 2:20 pm","VIJAYA","Midcap","Healthcare"
"18-09-2026 2:20 pm","PAYTM","Largecap","I.T"
"18-09-2026 2:20 pm","JYOTICNC","Largecap","Industrials"
"18-09-2026 2:20 pm","BHARTIHEXA","Largecap","Telecom-Service"
"18-09-2026 2:20 pm","SAILIFE","Largecap","Healthcare"
"18-09-2026 2:20 pm","IKS","Largecap","I.T"
"18-09-2026 2:25 pm","BEML","Midcap","Aerospace & Defence"
"18-09-2026 2:25 pm","SPLPETRO","Midcap","Energy"
"18-09-2026 2:25 pm","COLPAL","Largecap","FMCG"
"18-09-2026 2:25 pm","TATAINVEST","Largecap","Financials"
"18-09-2026 2:25 pm","BBTC","Midcap","Auto"
"18-09-2026 2:25 pm","VTL","Midcap","Textiles"
"18-09-2026 2:25 pm","COROMANDEL","Largecap","Chemicals"
"18-09-2026 2:25 pm","CARBORUNIV","Largecap","Industrials"
"18-09-2026 2:25 pm","AUROPHARMA","Largecap","Healthcare"
"18-09-2026 2:25 pm","JUBLPHARMA","Midcap","Healthcare"
"18-09-2026 2:25 pm","WELCORP","Largecap","Industrials"
"18-09-2026 2:25 pm","ADANIPORTS","Largecap","Transportation"
"18-09-2026 2:25 pm","AIIL","Largecap","Financials"
"18-09-2026 2:25 pm","RBLBANK","Largecap","Bank"
"18-09-2026 2:25 pm","ATGL","Largecap","Energy"
"18-09-2026 2:25 pm","CHALET","Midcap","Services"
"18-09-2026 2:25 pm","HOMEFIRST","Midcap","Financials"
"18-09-2026 2:25 pm","KIMS","Largecap","Healthcare"
"18-09-2026 2:25 pm","VIJAYA","Midcap","Healthcare"
"18-09-2026 2:25 pm","PAYTM","Largecap","I.T"
"18-09-2026 2:25 pm","JYOTICNC","Largecap","Industrials"
"18-09-2026 2:25 pm","BHARTIHEXA","Largecap","Telecom-Service"
"18-09-2026 2:25 pm","SAILIFE","Largecap","Healthcare"
"18-09-2026 2:25 pm","IKS","Largecap","I.T"
"18-09-2026 2:30 pm","BEML","Midcap","Aerospace & Defence"
"18-09-2026 2:30 pm","SPLPETRO","Midcap","Energy"
"18-09-2026 2:30 pm","COLPAL","Largecap","FMCG"
"18-09-2026 2:30 pm","TATAINVEST","Largecap","Financials"
"18-09-2026 2:30 pm","BBTC","Midcap","Auto"
"18-09-2026 2:30 pm","VTL","Midcap","Textiles"
"18-09-2026 2:30 pm","COROMANDEL","Largecap","Chemicals"
"18-09-2026 2:30 pm","CARBORUNIV","Largecap","Industrials"
"18-09-2026 2:30 pm","AUROPHARMA","Largecap","Healthcare"
"18-09-2026 2:30 pm","JUBLPHARMA","Midcap","Healthcare"
"18-09-2026 2:30 pm","WELCORP","Largecap","Industrials"
"18-09-2026 2:30 pm","JSL","Largecap","Metals & Mining"
"18-09-2026 2:30 pm","ADANIPORTS","Largecap","Transportation"
"18-09-2026 2:30 pm","AIIL","Largecap","Financials"
"18-09-2026 2:30 pm","RBLBANK","Largecap","Bank"
"18-09-2026 2:30 pm","ATGL","Largecap","Energy"
"18-09-2026 2:30 pm","CHALET","Midcap","Services"
"18-09-2026 2:30 pm","HOMEFIRST","Midcap","Financials"
"18-09-2026 2:30 pm","KIMS","Largecap","Healthcare"
"18-09-2026 2:30 pm","VIJAYA","Midcap","Healthcare"
"18-09-2026 2:30 pm","PAYTM","Largecap","I.T"
"18-09-2026 2:30 pm","BHARTIHEXA","Largecap","Telecom-Service"
"18-09-2026 2:30 pm","SAILIFE","Largecap","Healthcare"
"18-09-2026 2:35 pm","BEML","Midcap","Aerospace & Defence"
"18-09-2026 2:35 pm","TATAPOWER","Largecap","Power & Utilities"
"18-09-2026 2:35 pm","SPLPETRO","Midcap","Energy"
"18-09-2026 2:35 pm","BBTC","Midcap","Auto"
"18-09-2026 2:35 pm","VTL","Midcap","Textiles"
"18-09-2026 2:35 pm","COROMANDEL","Largecap","Chemicals"
"18-09-2026 2:35 pm","CARBORUNIV","Largecap","Industrials"
"18-09-2026 2:35 pm","AUROPHARMA","Largecap","Healthcare"
"18-09-2026 2:35 pm","JUBLPHARMA","Midcap","Healthcare"
"18-09-2026 2:35 pm","WELCORP","Largecap","Industrials"
"18-09-2026 2:35 pm","JSL","Largecap","Metals & Mining"
"18-09-2026 2:35 pm","ADANIPORTS","Largecap","Transportation"
"18-09-2026 2:35 pm","AIIL","Largecap","Financials"
"18-09-2026 2:35 pm","RBLBANK","Largecap","Bank"
"18-09-2026 2:35 pm","ATGL","Largecap","Energy"
"18-09-2026 2:35 pm","CHALET","Midcap","Services"
"18-09-2026 2:35 pm","AFFLE","Largecap","I.T"
"18-09-2026 2:35 pm","HOMEFIRST","Midcap","Financials"
"18-09-2026 2:35 pm","KIMS","Largecap","Healthcare"
"18-09-2026 2:35 pm","VIJAYA","Midcap","Healthcare"
"18-09-2026 2:35 pm","PAYTM","Largecap","I.T"
"18-09-2026 2:35 pm","BHARTIHEXA","Largecap","Telecom-Service"
"18-09-2026 2:35 pm","SAILIFE","Largecap","Healthcare"
"18-09-2026 2:40 pm","BEML","Midcap","Aerospace & Defence"
"18-09-2026 2:40 pm","TATAPOWER","Largecap","Power & Utilities"
"18-09-2026 2:40 pm","SPLPETRO","Midcap","Energy"
"18-09-2026 2:40 pm","COLPAL","Largecap","FMCG"
"18-09-2026 2:40 pm","BBTC","Midcap","Auto"
"18-09-2026 2:40 pm","VTL","Midcap","Textiles"
"18-09-2026 2:40 pm","COROMANDEL","Largecap","Chemicals"
"18-09-2026 2:40 pm","CARBORUNIV","Largecap","Industrials"
"18-09-2026 2:40 pm","AUROPHARMA","Largecap","Healthcare"
"18-09-2026 2:40 pm","JUBLPHARMA","Midcap","Healthcare"
"18-09-2026 2:40 pm","WELCORP","Largecap","Industrials"
"18-09-2026 2:40 pm","JSL","Largecap","Metals & Mining"
"18-09-2026 2:40 pm","ADANIPORTS","Largecap","Transportation"
"18-09-2026 2:40 pm","AIIL","Largecap","Financials"
"18-09-2026 2:40 pm","RBLBANK","Largecap","Bank"
"18-09-2026 2:40 pm","ATGL","Largecap","Energy"
"18-09-2026 2:40 pm","CHALET","Midcap","Services"
"18-09-2026 2:40 pm","AFFLE","Largecap","I.T"
"18-09-2026 2:40 pm","HOMEFIRST","Midcap","Financials"
"18-09-2026 2:40 pm","KIMS","Largecap","Healthcare"
"18-09-2026 2:40 pm","VIJAYA","Midcap","Healthcare"
"18-09-2026 2:40 pm","PAYTM","Largecap","I.T"
"18-09-2026 2:40 pm","BHARTIHEXA","Largecap","Telecom-Service"
"18-09-2026 2:40 pm","SAILIFE","Largecap","Healthcare"
"18-09-2026 2:45 pm","BEML","Midcap","Aerospace & Defence"
"18-09-2026 2:45 pm","TATAPOWER","Largecap","Power & Utilities"
"18-09-2026 2:45 pm","SPLPETRO","Midcap","Energy"
"18-09-2026 2:45 pm","COLPAL","Largecap","FMCG"
"18-09-2026 2:45 pm","BBTC","Midcap","Auto"
"18-09-2026 2:45 pm","VTL","Midcap","Textiles"
"18-09-2026 2:45 pm","COROMANDEL","Largecap","Chemicals"
"18-09-2026 2:45 pm","CARBORUNIV","Largecap","Industrials"
"18-09-2026 2:45 pm","AUROPHARMA","Largecap","Healthcare"
"18-09-2026 2:45 pm","JUBLPHARMA","Midcap","Healthcare"
"18-09-2026 2:45 pm","WELCORP","Largecap","Industrials"
"18-09-2026 2:45 pm","JSL","Largecap","Metals & Mining"
"18-09-2026 2:45 pm","ADANIPORTS","Largecap","Transportation"
"18-09-2026 2:45 pm","AIIL","Largecap","Financials"
"18-09-2026 2:45 pm","RBLBANK","Largecap","Bank"
"18-09-2026 2:45 pm","ATGL","Largecap","Energy"
"18-09-2026 2:45 pm","CHALET","Midcap","Services"
"18-09-2026 2:45 pm","AFFLE","Largecap","I.T"
"18-09-2026 2:45 pm","HOMEFIRST","Midcap","Financials"
"18-09-2026 2:45 pm","KIMS","Largecap","Healthcare"
"18-09-2026 2:45 pm","VIJAYA","Midcap","Healthcare"
"18-09-2026 2:45 pm","PAYTM","Largecap","I.T"
"18-09-2026 2:45 pm","JYOTICNC","Largecap","Industrials"
"18-09-2026 2:45 pm","BHARTIHEXA","Largecap","Telecom-Service"
"18-09-2026 2:45 pm","SAILIFE","Largecap","Healthcare"
"18-09-2026 2:50 pm","BEML","Midcap","Aerospace & Defence"
"18-09-2026 2:50 pm","TATAPOWER","Largecap","Power & Utilities"
"18-09-2026 2:50 pm","SPLPETRO","Midcap","Energy"
"18-09-2026 2:50 pm","COLPAL","Largecap","FMCG"
"18-09-2026 2:50 pm","BBTC","Midcap","Auto"
"18-09-2026 2:50 pm","VTL","Midcap","Textiles"
"18-09-2026 2:50 pm","COROMANDEL","Largecap","Chemicals"
"18-09-2026 2:50 pm","CARBORUNIV","Largecap","Industrials"
"18-09-2026 2:50 pm","AUROPHARMA","Largecap","Healthcare"
"18-09-2026 2:50 pm","JUBLPHARMA","Midcap","Healthcare"
"18-09-2026 2:50 pm","WELCORP","Largecap","Industrials"
"18-09-2026 2:50 pm","JSL","Largecap","Metals & Mining"
"18-09-2026 2:50 pm","ADANIPORTS","Largecap","Transportation"
"18-09-2026 2:50 pm","AIIL","Largecap","Financials"
"18-09-2026 2:50 pm","RBLBANK","Largecap","Bank"
"18-09-2026 2:50 pm","ATGL","Largecap","Energy"
"18-09-2026 2:50 pm","CHALET","Midcap","Services"
"18-09-2026 2:50 pm","AFFLE","Largecap","I.T"
"18-09-2026 2:50 pm","HOMEFIRST","Midcap","Financials"
"18-09-2026 2:50 pm","KIMS","Largecap","Healthcare"
"18-09-2026 2:50 pm","VIJAYA","Midcap","Healthcare"
"18-09-2026 2:50 pm","PAYTM","Largecap","I.T"
"18-09-2026 2:50 pm","JYOTICNC","Largecap","Industrials"
"18-09-2026 2:50 pm","BHARTIHEXA","Largecap","Telecom-Service"
"18-09-2026 2:50 pm","SAILIFE","Largecap","Healthcare"
"18-09-2026 2:50 pm","IKS","Largecap","I.T"
"18-09-2026 2:55 pm","AEGISLOG","Largecap","Services"
"18-09-2026 2:55 pm","BEML","Midcap","Aerospace & Defence"
"18-09-2026 2:55 pm","TATAPOWER","Largecap","Power & Utilities"
"18-09-2026 2:55 pm","SPLPETRO","Midcap","Energy"
"18-09-2026 2:55 pm","COLPAL","Largecap","FMCG"
"18-09-2026 2:55 pm","BBTC","Midcap","Auto"
"18-09-2026 2:55 pm","VTL","Midcap","Textiles"
"18-09-2026 2:55 pm","COROMANDEL","Largecap","Chemicals"
"18-09-2026 2:55 pm","CARBORUNIV","Largecap","Industrials"
"18-09-2026 2:55 pm","AUROPHARMA","Largecap","Healthcare"
"18-09-2026 2:55 pm","JUBLPHARMA","Midcap","Healthcare"
"18-09-2026 2:55 pm","WELCORP","Largecap","Industrials"
"18-09-2026 2:55 pm","JSL","Largecap","Metals & Mining"
"18-09-2026 2:55 pm","ADANIPORTS","Largecap","Transportation"
"18-09-2026 2:55 pm","AIIL","Largecap","Financials"
"18-09-2026 2:55 pm","RBLBANK","Largecap","Bank"
"18-09-2026 2:55 pm","ATGL","Largecap","Energy"
"18-09-2026 2:55 pm","CHALET","Midcap","Services"
"18-09-2026 2:55 pm","AFFLE","Largecap","I.T"
"18-09-2026 2:55 pm","HOMEFIRST","Midcap","Financials"
"18-09-2026 2:55 pm","KIMS","Largecap","Healthcare"
"18-09-2026 2:55 pm","VIJAYA","Midcap","Healthcare"
"18-09-2026 2:55 pm","PAYTM","Largecap","I.T"
"18-09-2026 2:55 pm","JYOTICNC","Largecap","Industrials"
"18-09-2026 2:55 pm","BHARTIHEXA","Largecap","Telecom-Service"
"18-09-2026 2:55 pm","SAILIFE","Largecap","Healthcare"
"18-09-2026 2:55 pm","IKS","Largecap","I.T"
"18-09-2026 3:00 pm","AEGISLOG","Largecap","Services"
"18-09-2026 3:00 pm","BEML","Midcap","Aerospace & Defence"
"18-09-2026 3:00 pm","PATANJALI","Largecap","FMCG"
"18-09-2026 3:00 pm","TATAPOWER","Largecap","Power & Utilities"
"18-09-2026 3:00 pm","SPLPETRO","Midcap","Energy"
"18-09-2026 3:00 pm","COLPAL","Largecap","FMCG"
"18-09-2026 3:00 pm","BBTC","Midcap","Auto"
"18-09-2026 3:00 pm","VTL","Midcap","Textiles"
"18-09-2026 3:00 pm","COROMANDEL","Largecap","Chemicals"
"18-09-2026 3:00 pm","CARBORUNIV","Largecap","Industrials"
"18-09-2026 3:00 pm","CAPLIPOINT","Midcap","Healthcare"
"18-09-2026 3:00 pm","AUROPHARMA","Largecap","Healthcare"
"18-09-2026 3:00 pm","JUBLPHARMA","Midcap","Healthcare"
"18-09-2026 3:00 pm","WELCORP","Largecap","Industrials"
"18-09-2026 3:00 pm","JSL","Largecap","Metals & Mining"
"18-09-2026 3:00 pm","ADANIPORTS","Largecap","Transportation"
"18-09-2026 3:00 pm","AIIL","Largecap","Financials"
"18-09-2026 3:00 pm","RBLBANK","Largecap","Bank"
"18-09-2026 3:00 pm","ATGL","Largecap","Energy"
"18-09-2026 3:00 pm","CHALET","Midcap","Services"
"18-09-2026 3:00 pm","AFFLE","Largecap","I.T"
"18-09-2026 3:00 pm","HOMEFIRST","Midcap","Financials"
"18-09-2026 3:00 pm","KIMS","Largecap","Healthcare"
"18-09-2026 3:00 pm","VIJAYA","Midcap","Healthcare"
"18-09-2026 3:00 pm","PAYTM","Largecap","I.T"
"18-09-2026 3:00 pm","JYOTICNC","Largecap","Industrials"
"18-09-2026 3:00 pm","BHARTIHEXA","Largecap","Telecom-Service"
"18-09-2026 3:00 pm","ACMESOLAR","Largecap","Realty"
"18-09-2026 3:00 pm","SAILIFE","Largecap","Healthcare"
"18-09-2026 3:00 pm","IKS","Largecap","I.T"
"18-09-2026 3:05 pm","AEGISLOG","Largecap","Services"
"18-09-2026 3:05 pm","BEML","Midcap","Aerospace & Defence"
"18-09-2026 3:05 pm","PATANJALI","Largecap","FMCG"
"18-09-2026 3:05 pm","SPLPETRO","Midcap","Energy"
"18-09-2026 3:05 pm","COLPAL","Largecap","FMCG"
"18-09-2026 3:05 pm","TATAINVEST","Largecap","Financials"
"18-09-2026 3:05 pm","BBTC","Midcap","Auto"
"18-09-2026 3:05 pm","VTL","Midcap","Textiles"
"18-09-2026 3:05 pm","COROMANDEL","Largecap","Chemicals"
"18-09-2026 3:05 pm","CARBORUNIV","Largecap","Industrials"
"18-09-2026 3:05 pm","CAPLIPOINT","Midcap","Healthcare"
"18-09-2026 3:05 pm","AUROPHARMA","Largecap","Healthcare"
"18-09-2026 3:05 pm","JUBLPHARMA","Midcap","Healthcare"
"18-09-2026 3:05 pm","WELCORP","Largecap","Industrials"
"18-09-2026 3:05 pm","JSL","Largecap","Metals & Mining"
"18-09-2026 3:05 pm","AIIL","Largecap","Financials"
"18-09-2026 3:05 pm","RBLBANK","Largecap","Bank"
"18-09-2026 3:05 pm","ATGL","Largecap","Energy"
"18-09-2026 3:05 pm","CHALET","Midcap","Services"
"18-09-2026 3:05 pm","AFFLE","Largecap","I.T"
"18-09-2026 3:05 pm","HOMEFIRST","Midcap","Financials"
"18-09-2026 3:05 pm","KIMS","Largecap","Healthcare"
"18-09-2026 3:05 pm","VIJAYA","Midcap","Healthcare"
"18-09-2026 3:05 pm","PAYTM","Largecap","I.T"
"18-09-2026 3:05 pm","JYOTICNC","Largecap","Industrials"
"18-09-2026 3:05 pm","BHARTIHEXA","Largecap","Telecom-Service"
"18-09-2026 3:05 pm","ACMESOLAR","Largecap","Realty"
"18-09-2026 3:05 pm","SAILIFE","Largecap","Healthcare"
"18-09-2026 3:05 pm","IKS","Largecap","I.T"
"18-09-2026 3:10 pm","AEGISLOG","Largecap","Services"
"18-09-2026 3:10 pm","BEML","Midcap","Aerospace & Defence"
"18-09-2026 3:10 pm","PATANJALI","Largecap","FMCG"
"18-09-2026 3:10 pm","SPLPETRO","Midcap","Energy"
"18-09-2026 3:10 pm","COLPAL","Largecap","FMCG"
"18-09-2026 3:10 pm","TATAINVEST","Largecap","Financials"
"18-09-2026 3:10 pm","BBTC","Midcap","Auto"
"18-09-2026 3:10 pm","VTL","Midcap","Textiles"
"18-09-2026 3:10 pm","COROMANDEL","Largecap","Chemicals"
"18-09-2026 3:10 pm","KPIL","Largecap","Realty"
"18-09-2026 3:10 pm","CAPLIPOINT","Midcap","Healthcare"
"18-09-2026 3:10 pm","AUROPHARMA","Largecap","Healthcare"
"18-09-2026 3:10 pm","JUBLPHARMA","Midcap","Healthcare"
"18-09-2026 3:10 pm","WELCORP","Largecap","Industrials"
"18-09-2026 3:10 pm","JSL","Largecap","Metals & Mining"
"18-09-2026 3:10 pm","AIIL","Largecap","Financials"
"18-09-2026 3:10 pm","ATGL","Largecap","Energy"
"18-09-2026 3:10 pm","CHALET","Midcap","Services"
"18-09-2026 3:10 pm","AFFLE","Largecap","I.T"
"18-09-2026 3:10 pm","HOMEFIRST","Midcap","Financials"
"18-09-2026 3:10 pm","KIMS","Largecap","Healthcare"
"18-09-2026 3:10 pm","VIJAYA","Midcap","Healthcare"
"18-09-2026 3:10 pm","PAYTM","Largecap","I.T"
"18-09-2026 3:10 pm","JYOTICNC","Largecap","Industrials"
"18-09-2026 3:10 pm","BHARTIHEXA","Largecap","Telecom-Service"
"18-09-2026 3:10 pm","ACMESOLAR","Largecap","Realty"
"18-09-2026 3:10 pm","SAILIFE","Largecap","Healthcare"
"18-09-2026 3:10 pm","IKS","Largecap","I.T"
"18-09-2026 3:15 pm","AEGISLOG","Largecap","Services"
"18-09-2026 3:15 pm","BEML","Midcap","Aerospace & Defence"
"18-09-2026 3:15 pm","SPLPETRO","Midcap","Energy"
"18-09-2026 3:15 pm","TATAINVEST","Largecap","Financials"
"18-09-2026 3:15 pm","BBTC","Midcap","Auto"
"18-09-2026 3:15 pm","VTL","Midcap","Textiles"
"18-09-2026 3:15 pm","COROMANDEL","Largecap","Chemicals"
"18-09-2026 3:15 pm","KPIL","Largecap","Realty"
"18-09-2026 3:15 pm","CAPLIPOINT","Midcap","Healthcare"
"18-09-2026 3:15 pm","JUBLPHARMA","Midcap","Healthcare"
"18-09-2026 3:15 pm","WELCORP","Largecap","Industrials"
"18-09-2026 3:15 pm","JSL","Largecap","Metals & Mining"
"18-09-2026 3:15 pm","AIIL","Largecap","Financials"
"18-09-2026 3:15 pm","ATGL","Largecap","Energy"
"18-09-2026 3:15 pm","CHALET","Midcap","Services"
"18-09-2026 3:15 pm","AFFLE","Largecap","I.T"
"18-09-2026 3:15 pm","HOMEFIRST","Midcap","Financials"
"18-09-2026 3:15 pm","KIMS","Largecap","Healthcare"
"18-09-2026 3:15 pm","VIJAYA","Midcap","Healthcare"
"18-09-2026 3:15 pm","JYOTICNC","Largecap","Industrials"
"18-09-2026 3:15 pm","BHARTIHEXA","Largecap","Telecom-Service"
"18-09-2026 3:15 pm","ACMESOLAR","Largecap","Realty"
"18-09-2026 3:15 pm","SAILIFE","Largecap","Healthcare"
"18-09-2026 3:20 pm","AEGISLOG","Largecap","Services"
"18-09-2026 3:20 pm","BEML","Midcap","Aerospace & Defence"
"18-09-2026 3:20 pm","SPLPETRO","Midcap","Energy"
"18-09-2026 3:20 pm","TATAINVEST","Largecap","Financials"
"18-09-2026 3:20 pm","BBTC","Midcap","Auto"
"18-09-2026 3:20 pm","VTL","Midcap","Textiles"
"18-09-2026 3:20 pm","COROMANDEL","Largecap","Chemicals"
"18-09-2026 3:20 pm","KPIL","Largecap","Realty"
"18-09-2026 3:20 pm","CAPLIPOINT","Midcap","Healthcare"
"18-09-2026 3:20 pm","JUBLPHARMA","Midcap","Healthcare"
"18-09-2026 3:20 pm","WELCORP","Largecap","Industrials"
"18-09-2026 3:20 pm","JSL","Largecap","Metals & Mining"
"18-09-2026 3:20 pm","AIIL","Largecap","Financials"
"18-09-2026 3:20 pm","CHALET","Midcap","Services"
"18-09-2026 3:20 pm","AFFLE","Largecap","I.T"
"18-09-2026 3:20 pm","HOMEFIRST","Midcap","Financials"
"18-09-2026 3:20 pm","KIMS","Largecap","Healthcare"
"18-09-2026 3:20 pm","VIJAYA","Midcap","Healthcare"
"18-09-2026 3:20 pm","JYOTICNC","Largecap","Industrials"
"18-09-2026 3:20 pm","BHARTIHEXA","Largecap","Telecom-Service"
"18-09-2026 3:20 pm","ACMESOLAR","Largecap","Realty"
"18-09-2026 3:20 pm","SAILIFE","Largecap","Healthcare"
"18-09-2026 3:25 pm","AEGISLOG","Largecap","Services"
"18-09-2026 3:25 pm","BEML","Midcap","Aerospace & Defence"
"18-09-2026 3:25 pm","SPLPETRO","Midcap","Energy"
"18-09-2026 3:25 pm","TATAINVEST","Largecap","Financials"
"18-09-2026 3:25 pm","BBTC","Midcap","Auto"
"18-09-2026 3:25 pm","VTL","Midcap","Textiles"
"18-09-2026 3:25 pm","COROMANDEL","Largecap","Chemicals"
"18-09-2026 3:25 pm","KPIL","Largecap","Realty"
"18-09-2026 3:25 pm","CAPLIPOINT","Midcap","Healthcare"
"18-09-2026 3:25 pm","JUBLPHARMA","Midcap","Healthcare"
"18-09-2026 3:25 pm","WELCORP","Largecap","Industrials"
"18-09-2026 3:25 pm","JSL","Largecap","Metals & Mining"
"18-09-2026 3:25 pm","AIIL","Largecap","Financials"
"18-09-2026 3:25 pm","CHALET","Midcap","Services"
"18-09-2026 3:25 pm","AFFLE","Largecap","I.T"
"18-09-2026 3:25 pm","HOMEFIRST","Midcap","Financials"
"18-09-2026 3:25 pm","KIMS","Largecap","Healthcare"
"18-09-2026 3:25 pm","VIJAYA","Midcap","Healthcare"
"18-09-2026 3:25 pm","JYOTICNC","Largecap","Industrials"
"18-09-2026 3:25 pm","BHARTIHEXA","Largecap","Telecom-Service"
"18-09-2026 3:25 pm","ACMESOLAR","Largecap","Realty"
"18-09-2026 3:25 pm","SAILIFE","Largecap","Healthcare"